tissue,drug_name,n_cells,slope,sd_ratio
URINARY_TRACT,5-Fluorouracil,15,0.6043751301165984,0.5607257621120105
URINARY_TRACT,ABT737,15,-0.5378365285241642,0.4313217684093803
URINARY_TRACT,AGI-5198,15,0.14771861615231116,0.5299350187146106
URINARY_TRACT,AGI-6780,14,0.6377140965636368,0.4943873555305342
URINARY_TRACT,AMG-319,15,-0.35596890361268796,0.5129805041606608
URINARY_TRACT,AZ960,14,0.49934038657311525,0.538964834226755
URINARY_TRACT,AZD3759,15,0.6551575846341006,0.786639247445222
URINARY_TRACT,AZD4547,15,0.5722568750776637,0.2273880489634963
URINARY_TRACT,AZD5582,14,0.2758994367956846,0.23852219946206993
URINARY_TRACT,AZD6738,15,0.7282468999028399,0.4973434225495384
URINARY_TRACT,AZD7762,15,0.2411059859973656,0.5953862660794459
URINARY_TRACT,AZD8055,13,0.10281843938176592,0.4137939880435481
URINARY_TRACT,AZD8186,15,0.3770426716640279,0.5474704749873908
URINARY_TRACT,Afatinib,15,0.6689950361703665,0.6966235014421348
URINARY_TRACT,Afuresertib,15,1.337210313080546,0.561580018457607
URINARY_TRACT,Alisertib,15,-0.20868456266076266,0.5637094533005161
URINARY_TRACT,Alpelisib,15,1.1262180351904458,0.5378081658567536
URINARY_TRACT,Avagacestat,15,0.7205045142802747,0.4228357324243472
URINARY_TRACT,Axitinib,14,0.7202563676042723,0.33947043476927313
URINARY_TRACT,BI-2536,15,0.11206623797208164,0.4618538870441867
URINARY_TRACT,BIBR-1532,15,0.6621285360579465,0.5554220273613799
URINARY_TRACT,BMS-345541,14,0.37451510871250443,0.4697292775389364
URINARY_TRACT,Bleomycin (50 uM),14,0.7682345938997502,0.3911861165651594
URINARY_TRACT,Bortezomib,15,-0.1853326803532333,0.3728537417756708
URINARY_TRACT,Bosutinib,15,1.0266645756486816,0.4036676944034058
URINARY_TRACT,CCT007093,15,0.5906878607719774,0.5153100656518369
URINARY_TRACT,CZC24832,14,-0.024637183368487036,0.6932649564116672
URINARY_TRACT,Camptothecin,15,0.540738911507569,0.48118149384645403
URINARY_TRACT,Cediranib,15,0.35866713450136384,0.370766041554143
URINARY_TRACT,Cisplatin,14,-0.16882493378476124,0.4188952464539741
URINARY_TRACT,Crizotinib,15,0.21990360169131265,0.6276808233807579
URINARY_TRACT,Cyclophosphamide,15,0.17997212466058424,0.7835627411191824
URINARY_TRACT,Cytarabine,14,0.16478964914236638,0.5281762389144026
URINARY_TRACT,Dabrafenib,15,1.0822615510510603,0.39238309971015944
URINARY_TRACT,Dactolisib,15,-0.2715940540188531,0.43387453755215644
URINARY_TRACT,Dasatinib,15,0.2985646366348414,0.7869467291199581
URINARY_TRACT,Dinaciclib,14,1.1930337920270648,0.3177936734494871
URINARY_TRACT,Docetaxel,15,0.6818612115573769,0.21111397474826982
URINARY_TRACT,Doramapimod,15,0.16127895413617235,0.7706217945793329
URINARY_TRACT,EHT-1864,15,0.38294391161014485,0.4244748267460972
URINARY_TRACT,EPZ004777,15,0.0820242951285797,0.5717316358201299
URINARY_TRACT,EPZ5676,15,-0.05121669827965209,0.627531134364003
URINARY_TRACT,Entinostat,14,0.4183375613700788,0.46232311809353244
URINARY_TRACT,Entospletinib,14,0.3200407385928659,0.6970238320496327
URINARY_TRACT,Epirubicin,15,0.6074254955477215,0.5083643899097576
URINARY_TRACT,Erlotinib,15,0.5414020289547947,0.6361451256105142
URINARY_TRACT,Foretinib,15,0.03007304803470068,0.4323759554101374
URINARY_TRACT,Fulvestrant,15,0.14960863195013502,0.5028070679280149
URINARY_TRACT,GDC0810,15,0.01841527308635802,0.553501871040478
URINARY_TRACT,GNE-317,15,0.767687573435977,0.3105850924836761
URINARY_TRACT,GSK1904529A,15,0.40204893204092984,0.5874587066501238
URINARY_TRACT,GSK2578215A,15,0.6621529130854672,0.7715520224554208
URINARY_TRACT,GSK2606414,14,1.0538929575367117,0.4391974061186587
URINARY_TRACT,GSK2830371,14,0.5536261437622536,0.5265290481081725
URINARY_TRACT,GSK343,14,-0.2064059760487554,0.5842490889829677
URINARY_TRACT,GSK591,14,0.4788661607334758,0.4431606191430904
URINARY_TRACT,GW441756,15,0.427759370692138,0.402399037211037
URINARY_TRACT,Gefitinib,15,0.4176629456543348,0.8625938108098806
URINARY_TRACT,Gemcitabine,15,0.28708929751412754,0.6689007664238864
URINARY_TRACT,I-BET-762,14,0.6569702463469539,0.5844132374938571
URINARY_TRACT,I-BRD9,15,0.21964493981602676,0.3901264787440694
URINARY_TRACT,IWP-2,14,0.48803984621472873,0.5370139201526595
URINARY_TRACT,Ibrutinib,14,0.655736859484417,0.8153731870182909
URINARY_TRACT,Ipatasertib,15,0.9792145237968153,0.6260006393582063
URINARY_TRACT,Irinotecan,15,0.38658607212285306,0.4838775815738519
URINARY_TRACT,JNK Inhibitor VIII,15,0.20581101327269768,0.6455289986238887
URINARY_TRACT,JQ1,15,0.9032208423911231,0.36511386691527387
URINARY_TRACT,KRAS (G12C) Inhibitor-12,14,1.7553120399712514,0.32608591369278195
URINARY_TRACT,KU-55933,15,-0.2709933991867639,0.43292609041179597
URINARY_TRACT,LCL161,14,0.609801406948177,0.5282860354493172
URINARY_TRACT,LGK974,15,0.6324193905804643,0.6200951924994915
URINARY_TRACT,LJI308,15,0.6034561576086988,0.42321487262846125
URINARY_TRACT,LY2109761,14,0.270501596976331,0.47358624229719115
URINARY_TRACT,Lapatinib,15,0.7249026450117875,0.7029834073916456
URINARY_TRACT,Leflunomide,14,0.6351614943187713,0.4432376535127383
URINARY_TRACT,Lenalidomide,15,0.6419664992560908,0.6653124206577489
URINARY_TRACT,Lestaurtinib,15,-0.41804611312498285,0.2516687436229683
URINARY_TRACT,Linsitinib,15,0.606212453098775,0.5918359781272116
URINARY_TRACT,MG-132,15,-1.028364595350294,0.4586676947037827
URINARY_TRACT,MIRA-1,15,0.15353921695388606,0.413632048100624
URINARY_TRACT,MK-1775,15,0.0970888726268005,0.38819601202425263
URINARY_TRACT,MK-2206,15,0.8248911662184243,0.6799494570835083
URINARY_TRACT,MK-8776,15,-0.028201903503903707,0.8323467380940585
URINARY_TRACT,ML323,14,0.7969156754761358,0.6444996457982703
URINARY_TRACT,MN-64,14,0.441878893346066,0.49247927775295464
URINARY_TRACT,Methotrexate,15,1.4776886554987356,0.14663724639302814
URINARY_TRACT,Motesanib,15,0.9022255264419891,0.6675937953559092
URINARY_TRACT,NU7441,15,0.05263271802239023,0.5220057644318477
URINARY_TRACT,NVP-ADW742,15,1.0782688406702052,0.4736180046946282
URINARY_TRACT,Navitoclax,15,-0.16852204230368759,0.5189067443960839
URINARY_TRACT,Nilotinib,15,-0.14953371138633753,0.5682392865318314
URINARY_TRACT,Niraparib,14,0.2548834769325567,0.37654172285535953
URINARY_TRACT,Nutlin-3a (-),15,1.1923253877538225,0.4728790505994814
URINARY_TRACT,OF-1,14,0.1420560420816887,0.532275236280767
URINARY_TRACT,OTX015,14,0.9573624736086113,0.5072190386174099
URINARY_TRACT,Obatoclax Mesylate,14,-0.021975060119017936,0.2918966088004489
URINARY_TRACT,Olaparib,15,0.3178235579268501,0.35871940848332173
URINARY_TRACT,Osimertinib,15,0.5209333231531682,0.9231125387409322
URINARY_TRACT,Oxaliplatin,15,0.6864972488982011,0.4359161177005875
URINARY_TRACT,P22077,15,1.0772596162369499,0.30245274849299714
URINARY_TRACT,PCI-34051,14,0.23774596228955605,0.6377967830652377
URINARY_TRACT,PD0325901,15,0.881205923576876,0.7645497048078272
URINARY_TRACT,PD173074,15,0.6460895741243361,0.22334975909902932
URINARY_TRACT,PFI-1,15,1.0151351807517814,0.417731656783565
URINARY_TRACT,PFI3,14,0.4064468645542221,0.7312692511564002
URINARY_TRACT,PLX-4720,15,0.38220352440398797,0.49207005994475705
URINARY_TRACT,PRIMA-1MET,14,-0.31000375528655405,0.42601689179720004
URINARY_TRACT,PRT062607,14,0.8770300197640917,0.5845245008520012
URINARY_TRACT,Paclitaxel,15,1.1975914681317188,0.3319863302221377
URINARY_TRACT,Palbociclib,15,0.68891577515856,0.5296126208393209
URINARY_TRACT,Pevonedistat,15,0.4178497159107993,0.44383040189914486
URINARY_TRACT,Picolinici-acid,14,0.28271442140268854,0.7146941477314459
URINARY_TRACT,Pictilisib,15,0.6692912933410952,0.6529121910226678
URINARY_TRACT,Pyridostatin,15,0.6342262225615436,0.29278212068201526
URINARY_TRACT,Refametinib,15,0.8659827943095658,0.7185348618851952
URINARY_TRACT,Ribociclib,14,1.0297069157764005,0.44113626266019956
URINARY_TRACT,Rucaparib,15,1.1075897342409537,0.4133741999512994
URINARY_TRACT,Ruxolitinib,14,0.5305469847894423,0.45235689645101274
URINARY_TRACT,SB216763,15,0.7280409261354484,0.6175722432444842
URINARY_TRACT,SCH772984,15,1.0331476353544173,0.6174190185210993
URINARY_TRACT,SGC0946,15,0.797858241967414,0.2751811500696226
URINARY_TRACT,SN-38,14,0.11693982853167598,0.6326303082856195
URINARY_TRACT,Sabutoclax,14,1.0530799070750934,0.36040689924963737
URINARY_TRACT,Sapitinib,15,0.43576825466141816,0.9848602083758591
URINARY_TRACT,Savolitinib,15,0.20136987532678322,0.4378897835500565
URINARY_TRACT,Selumetinib,15,0.722798726205598,0.8035785088031686
URINARY_TRACT,Sepantronium bromide,15,0.24900356220537306,0.7730813595958833
URINARY_TRACT,Serdemetan,15,0.9865758725824662,0.30197334470548504
URINARY_TRACT,Sorafenib,15,0.6219634770226833,0.3510120703374609
URINARY_TRACT,Tamoxifen,15,1.4233594065416124,0.38210040124746086
URINARY_TRACT,Tanespimycin,15,0.016952612576435808,0.3762142894270012
URINARY_TRACT,Taselisib,15,0.9790139646451647,0.5039987600472292
URINARY_TRACT,Telomerase Inhibitor IX,15,0.2806597729459569,0.3113138728142668
URINARY_TRACT,Temozolomide,15,-0.5109324559788592,0.39550661798267167
URINARY_TRACT,Temsirolimus,15,-0.3494413683363491,0.40694919784645833
URINARY_TRACT,Trametinib,15,0.9121300567765569,0.6638647118249427
URINARY_TRACT,UMI-77,14,1.2981019828721134,0.1448734843951373
URINARY_TRACT,Uprosertib,14,1.4425795490333666,0.4844320348929618
URINARY_TRACT,VE-822,14,0.5247693242164572,0.4921396849716216
URINARY_TRACT,VE821,15,1.1432681727795078,0.5032014000421317
URINARY_TRACT,VX-11e,15,1.1369833227905837,0.48533629116968907
URINARY_TRACT,Veliparib,15,0.48861068859173884,0.6493253132507001
URINARY_TRACT,Venotoclax,15,1.1227995301249403,0.40320986074728454
URINARY_TRACT,Vinblastine,13,1.0846021123066685,0.34023086819992
URINARY_TRACT,Vinorelbine,15,1.433238505558342,0.3816153039111731
URINARY_TRACT,Vismodegib,15,-0.2109391937172867,0.49039283493148367
URINARY_TRACT,Vorinostat,15,0.5749004381136478,0.28780120650294866
URINARY_TRACT,WEHI-539,15,-0.7056429575371984,0.2975197749697545
URINARY_TRACT,WIKI4,15,0.7338672330487536,0.3405862647749083
URINARY_TRACT,WZ4003,14,2.1885000892274986,0.2568456148033794
URINARY_TRACT,Wee1 Inhibitor,15,0.4020238420250827,0.49675878972747173
URINARY_TRACT,Wnt-C59,14,0.7585510676308,0.6992330863319302
URINARY_TRACT,YK-4-279,15,0.5064996047658052,0.4897049810222926
URINARY_TRACT,ZM447439,15,0.5175115752168377,0.39113657884135905
BREAST,5-Fluorouracil,42,0.3712475053116267,0.3914892184384805
BREAST,ABT737,41,0.04307797980244744,0.39167220447673384
BREAST,AGI-5198,41,-0.38381508427519445,0.2826928738536911
BREAST,AGI-6780,36,0.4297263386348148,0.39919061937109596
BREAST,AMG-319,40,0.397790701969851,0.27987140603112465
BREAST,AZ960,37,0.22050353813056714,0.31986547374403135
BREAST,AZD3759,41,1.381962416278666,0.2696932205476885
BREAST,AZD4547,41,0.2835160534238622,0.31323488336405114
BREAST,AZD5582,36,0.4609470673728925,0.1942081881426321
BREAST,AZD6482,38,0.7423885492003199,0.2630437506465247
BREAST,AZD6738,41,0.3798428106878503,0.29568425719751457
BREAST,AZD7762,42,1.2847398817850644,0.24494598656263036
BREAST,AZD8055,40,0.306417411908912,0.4615020780319459
BREAST,AZD8186,41,1.0829847095942033,0.2811832904749054
BREAST,Afatinib,40,0.46353313952762504,0.2725119510236778
BREAST,Afuresertib,41,0.4678334877549133,0.30905237598356433
BREAST,Alisertib,39,0.06786151262736814,0.47264256517524034
BREAST,Alpelisib,41,0.3071990345371722,0.3478268849689935
BREAST,Avagacestat,41,-1.0336131062789187,0.25510532460343455
BREAST,Axitinib,42,0.02573237402956952,0.47740354579984917
BREAST,BI-2536,37,-0.3423646927807483,0.4029798964069393
BREAST,BIBR-1532,40,-0.11225002580787885,0.3695563414607965
BREAST,BMS-345541,37,-0.12906281772987238,0.4396639814992821
BREAST,Bleomycin (50 uM),37,0.35763207396205393,0.4821717009018668
BREAST,Bortezomib,41,0.6835506881663218,0.4714161738944705
BREAST,Bosutinib,41,0.06216740209509716,0.2910651167993348
BREAST,CCT007093,39,0.40260861174840584,0.32314159857972313
BREAST,CZC24832,37,-0.5235699462955244,0.32087446422435406
BREAST,Camptothecin,41,0.15411951331835064,0.4494103057015694
BREAST,Cediranib,41,0.08499696766470533,0.21886254172590663
BREAST,Cisplatin,42,0.15575532483362023,0.5447825600812014
BREAST,Crizotinib,41,-0.20896940073567477,0.390767759697648
BREAST,Cyclophosphamide,41,-0.17790284655902902,0.32690223939248253
BREAST,Cytarabine,37,0.42071532575984333,0.4918061153387502
BREAST,Dabrafenib,41,-0.4278957576844619,0.19563753952004967
BREAST,Dactolisib,41,0.4893432170091289,0.4001223597314708
BREAST,Daporinad,21,0.8503922576386278,0.29714168740380137
BREAST,Dasatinib,41,1.079139043567795,0.6046243305011211
BREAST,Dinaciclib,37,0.6997236009200052,0.30862449553101884
BREAST,Docetaxel,42,0.5241414758286292,0.5989630324856152
BREAST,Doramapimod,40,0.6796870580183889,0.2815845231898536
BREAST,EHT-1864,40,0.11045558948477487,0.2611937357584104
BREAST,EPZ004777,41,-0.5379887041108397,0.37551025794921317
BREAST,EPZ5676,41,-0.1600387648936604,0.3945020852366319
BREAST,Entinostat,40,0.39963759536752,0.30082937205313803
BREAST,Entospletinib,37,-0.7453954692475936,0.3763897420478303
BREAST,Epirubicin,41,0.08650338213434604,0.38233016348075854
BREAST,Erlotinib,41,1.0421794372847226,0.35580368572734905
BREAST,Foretinib,40,0.9498065047209658,0.2691437573589555
BREAST,Fulvestrant,41,0.8065383219760484,0.2844259938845239
BREAST,GDC0810,41,0.5858039192811508,0.2533176447639669
BREAST,GNE-317,40,0.31086626519743804,0.38546827179703164
BREAST,GSK1904529A,41,0.36708004580101605,0.30668914618044546
BREAST,GSK2578215A,41,0.16345588808206038,0.27102082687036855
BREAST,GSK2606414,37,0.1320264745735201,0.2997561276728331
BREAST,GSK269962A,39,0.0809979201470303,0.49680488504595
BREAST,GSK2830371,37,-0.018671427324772026,0.4036913867749843
BREAST,GSK343,37,0.1369157155813404,0.4744260188080968
BREAST,GSK591,41,-0.18826919057138689,0.2329853980573563
BREAST,GW441756,38,0.3158718654426243,0.340976363847099
BREAST,Gefitinib,41,0.9821757782949416,0.324188936613438
BREAST,Gemcitabine,41,0.22106252247547545,0.43351663442648963
BREAST,I-BET-762,37,-0.3930025797974421,0.30599326256553816
BREAST,I-BRD9,41,0.6549136769900441,0.3369878542681868
BREAST,IWP-2,37,0.45868527245176693,0.4302791883773336
BREAST,Ibrutinib,35,0.7869595309903322,0.35174225161564393
BREAST,Ipatasertib,41,0.8461569858063345,0.3084442187762987
BREAST,Irinotecan,41,-0.10222202807301059,0.5651467986845924
BREAST,JNK Inhibitor VIII,38,-0.0727004219935171,0.34687022758046954
BREAST,JQ1,41,0.6199249440599761,0.2535913259742868
BREAST,KRAS (G12C) Inhibitor-12,37,-0.3151319198641209,0.35406909284410204
BREAST,KU-55933,40,0.14743611897466125,0.21412759749187385
BREAST,LCL161,37,0.3428804592032662,0.2434241490047969
BREAST,LGK974,41,0.10305384187824373,0.3222499138788721
BREAST,LJI308,40,-0.7620134119526498,0.30369902652630215
BREAST,LY2109761,37,-0.23356414695569352,0.29548377874555076
BREAST,Lapatinib,41,0.4806654494923003,0.3824090854131564
BREAST,Leflunomide,37,-0.2210088571935636,0.3653511500232512
BREAST,Lenalidomide,41,-0.1278823869037901,0.330209670892875
BREAST,Lestaurtinib,41,0.8075947757161338,0.36819960167743787
BREAST,Linsitinib,41,0.18222945703531432,0.24453540674764
BREAST,MG-132,42,1.3206384080992335,0.1677964094620152
BREAST,MIRA-1,41,0.07503035863651034,0.37843118979954227
BREAST,MK-1775,41,0.6491370770950807,0.360694705785732
BREAST,MK-2206,42,0.7473142748370711,0.3128172918323323
BREAST,MK-8776,40,0.26578767961375455,0.22955887251259882
BREAST,ML323,37,0.30485290042660435,0.3918173241552494
BREAST,MN-64,37,0.13877839459838798,0.24717403402555896
BREAST,Methotrexate,37,1.3938983356023391,0.22972594935514842
BREAST,Motesanib,41,-0.09159617307783698,0.4186414124969376
BREAST,NU7441,41,0.2774263634077741,0.3549701026015026
BREAST,NVP-ADW742,41,-0.21455274554438575,0.28132536464224395
BREAST,Navitoclax,42,0.13901092732268638,0.525813684942766
BREAST,Nilotinib,41,-0.11189790967912212,0.32563710139409324
BREAST,Niraparib,37,0.03628347945169874,0.5121165232852508
BREAST,Nutlin-3a (-),42,0.3179904545228415,0.37812532243758157
BREAST,OF-1,37,0.4708117980794929,0.24502899229281244
BREAST,OTX015,37,0.03368114636968846,0.24849004293762575
BREAST,Obatoclax Mesylate,36,0.39611340230775766,0.44487596544782476
BREAST,Olaparib,41,-0.4071021434227375,0.45665163462602076
BREAST,Osimertinib,41,0.9422443082787249,0.2400497275404881
BREAST,Oxaliplatin,41,0.3144323449446185,0.5085428430662721
BREAST,P22077,41,-0.06900748791580653,0.2894362573704441
BREAST,PCI-34051,37,-0.5140779550472105,0.3522101375402153
BREAST,PD0325901,41,1.0142106819269037,0.5448051989471897
BREAST,PD173074,42,0.12677707295038682,0.24548283529374698
BREAST,PF-4708671,39,-0.31809917575901675,0.3097867852769332
BREAST,PFI-1,40,-0.09515052781507836,0.22387125635596833
BREAST,PFI3,37,-0.47175903121224916,0.4399834480695209
BREAST,PLX-4720,41,-1.294254779413426,0.23378906917746728
BREAST,PRIMA-1MET,37,-0.16698640037180856,0.2765237869487566
BREAST,PRT062607,37,-0.6294411030534658,0.28515407467781556
BREAST,Paclitaxel,41,0.7516741875858004,0.45330125854432096
BREAST,Palbociclib,42,0.270458102775344,0.45331853181476595
BREAST,Pevonedistat,41,0.3730469658404444,0.31473543884371963
BREAST,Picolinici-acid,36,-0.18343846752877585,0.5723261169164517
BREAST,Pictilisib,42,0.5470901051120243,0.37176727397436976
BREAST,Pyridostatin,40,0.20956471022387183,0.4021014845961602
BREAST,Refametinib,41,0.9620666522113478,0.5367948748984106
BREAST,Ribociclib,40,0.4758386639481759,0.37244674396655264
BREAST,Rucaparib,41,-0.45990505957635197,0.3350794414088016
BREAST,Ruxolitinib,37,0.4327051802622617,0.39259905929446776
BREAST,SB216763,40,0.3408504025929886,0.25379227333383075
BREAST,SCH772984,41,1.0026141226971064,0.4948387268163965
BREAST,SGC0946,40,0.061719358630895935,0.3174661956568981
BREAST,SN-38,40,-0.09833898846999178,0.49952367099240796
BREAST,Sabutoclax,37,0.6319955786793833,0.3953326675261914
BREAST,Sapitinib,41,0.6873803293222673,0.5261919454330495
BREAST,Savolitinib,41,0.18842353274588422,0.30156732322831314
BREAST,Selumetinib,41,1.0898932504647925,0.4275902961909483
BREAST,Sepantronium bromide,41,0.11249702746518242,0.7225311073900454
BREAST,Serdemetan,41,0.014305399105130305,0.37698897975574225
BREAST,Sorafenib,41,0.21665448491082942,0.41110305058123403
BREAST,TW 37,17,0.44527452268196177,0.22566953140434812
BREAST,Tamoxifen,41,1.0534879201593674,0.22261872839660846
BREAST,Tanespimycin,41,0.8689147087254532,0.3833336467353552
BREAST,Taselisib,41,0.31560051266746636,0.37329891470429627
BREAST,Telomerase Inhibitor IX,41,0.41903121121296405,0.374643031578309
BREAST,Temozolomide,41,-0.10161739428428655,0.3257542038687819
BREAST,Temsirolimus,40,-0.15750742278604277,0.3959573339560307
BREAST,Tozasertib,39,0.06579701064342192,0.6142114940674015
BREAST,Trametinib,41,0.9859167505794502,0.583842351641063
BREAST,UMI-77,37,-0.5477619555233406,0.226666981313732
BREAST,Uprosertib,40,0.9015096847133753,0.3108507940302568
BREAST,VE-822,37,-1.0568711326986635,0.2961385242690776
BREAST,VE821,41,-0.0381163849547829,0.2668197140686165
BREAST,VX-11e,41,0.8490422137646607,0.4602209869844342
BREAST,Veliparib,41,-0.15106855494137852,0.3947137929067482
BREAST,Venotoclax,41,0.17212055783685043,0.32655173762284445
BREAST,Vinblastine,37,0.560528130530379,0.4336609627084484
BREAST,Vinorelbine,41,0.9558257474425621,0.40961310920722493
BREAST,Vismodegib,41,-0.12213771325173038,0.3101173764353943
BREAST,Vorinostat,42,0.8552553595041699,0.31535861169784674
BREAST,WEHI-539,40,-1.3367040058031798,0.18936862088025455
BREAST,WIKI4,41,-0.43079705260630935,0.1942341819871195
BREAST,WZ4003,37,-0.24869441109817722,0.23174339403847305
BREAST,Wee1 Inhibitor,41,-0.017222040339294063,0.4386877441235891
BREAST,Wnt-C59,37,0.41266643012820314,0.3128692290424782
BREAST,YK-4-279,41,0.23195247085516704,0.40497871015922
BREAST,ZM447439,41,0.020784940749344127,0.4160290946704951
