drug_name,modality,n_train,n_test,spearman,pearson,alpha
Lestaurtinib,expression,420,53,0.7060957910014514,0.7647268702295223,1519.9110829529332
Lestaurtinib,methylation,420,53,0.5787776165134656,0.6134824165514067,1519.9110829529332
Lestaurtinib,mutation,420,53,0.1690856313497823,0.1904859150445216,1519.9110829529332
Lestaurtinib,pathway,420,53,0.6968230930495082,0.7343604948362483,4328.761281083057
Lestaurtinib,expression+methylation,420,53,0.6849701661022415,0.7342050843855883,1519.9110829529332
Lestaurtinib,all four,420,53,0.7082728592162554,0.7464263569924459,4328.761281083057
SB216763,expression,423,54,0.5015818562988373,0.5785891906567393,1519.9110829529332
SB216763,methylation,423,54,0.4194015627977891,0.5053774003101996,1519.9110829529332
SB216763,mutation,423,54,0.06910615589860872,0.010978795324083884,1519.9110829529332
SB216763,pathway,423,54,0.4381551362683438,0.5167932981616417,12328.467394420659
SB216763,expression+methylation,423,54,0.4751286449399656,0.5647079278361684,1519.9110829529332
SB216763,all four,423,54,0.504631217838765,0.5636964514664553,4328.761281083057
Tanespimycin,expression,420,53,0.33075310433801,0.37742268536760737,1519.9110829529332
Tanespimycin,methylation,420,53,0.12199645218513142,0.1540686582976376,1519.9110829529332
Tanespimycin,mutation,420,53,-0.025721657797129496,-0.011886020807772485,12328.467394420659
Tanespimycin,pathway,420,53,0.33551040154813744,0.3536693737202199,4328.761281083057
Tanespimycin,expression+methylation,420,53,0.28616352201257855,0.36410153941707457,1519.9110829529332
Tanespimycin,all four,420,53,0.3923560716013546,0.4100205911127994,4328.761281083057
Vinorelbine,expression,421,53,0.6654571843251088,0.6511865544208225,533.6699231206308
Vinorelbine,methylation,421,53,0.543138203515562,0.5285094382784041,1519.9110829529332
Vinorelbine,mutation,421,53,0.14755684567005323,0.20169873176957454,1519.9110829529332
Vinorelbine,pathway,421,53,0.6475568456700532,0.6250070859182751,4328.761281083057
Vinorelbine,expression+methylation,421,53,0.627721335268505,0.6053694997610296,1519.9110829529332
Vinorelbine,all four,421,53,0.6465086276407032,0.6479084343168167,4328.761281083057
Motesanib,expression,420,53,0.7922915658764716,0.6596670242096285,1519.9110829529332
Motesanib,methylation,420,53,0.5957910014513789,0.5733276861118306,1519.9110829529332
Motesanib,mutation,420,53,0.02620545073375262,0.009403508624744657,1519.9110829529332
Motesanib,pathway,420,53,0.8057571359458151,0.6958753905391161,4328.761281083057
Motesanib,expression+methylation,420,53,0.7572165779712949,0.6360439050602384,1519.9110829529332
Motesanib,all four,420,53,0.7716497339138849,0.6590916861574037,4328.761281083057
KU-55933,expression,422,54,0.5704974271012005,0.6265122587651946,1519.9110829529332
KU-55933,methylation,422,54,0.511492281303602,0.5288019537379431,1519.9110829529332
KU-55933,mutation,422,54,0.24878978463884122,0.2887813733303465,1519.9110829529332
KU-55933,pathway,422,54,0.615704211930627,0.62946847647441,4328.761281083057
KU-55933,expression+methylation,422,54,0.5582237469029921,0.5997683245077399,1519.9110829529332
KU-55933,all four,422,54,0.603278063655422,0.6437006238749614,4328.761281083057
Elesclomol,expression,81,14,0.8813186813186813,0.745362812219307,1519.9110829529332
Elesclomol,methylation,81,14,0.6967032967032967,0.7220919526819227,1519.9110829529332
Elesclomol,mutation,81,14,-0.07692307692307693,-0.11100210589071191,65.79332246575679
Elesclomol,pathway,81,14,0.7054945054945055,0.6502897806564671,12328.467394420659
Elesclomol,expression+methylation,81,14,0.8373626373626375,0.8080612383490071,1519.9110829529332
Elesclomol,all four,81,14,0.832967032967033,0.7489693792726512,12328.467394420659
Afatinib,expression,425,54,0.5089765580331617,0.41275151225886614,1519.9110829529332
Afatinib,methylation,425,54,0.5009719839908519,0.37209550821753845,4328.761281083057
Afatinib,mutation,425,54,0.14335810939584523,0.13073334571592332,1519.9110829529332
Afatinib,pathway,425,54,0.4582046883933676,0.37445749970803255,4328.761281083057
Afatinib,expression+methylation,425,54,0.5763674480655612,0.4482758760650575,4328.761281083057
Afatinib,all four,425,54,0.4848103678292357,0.37881992046949037,4328.761281083057
Vismodegib,expression,420,53,0.6630382196419932,0.671616340131079,4328.761281083057
Vismodegib,methylation,420,53,0.5562006128043864,0.6293119550587237,1519.9110829529332
Vismodegib,mutation,420,53,0.1368327689082406,0.2554302144024111,4328.761281083057
Vismodegib,pathway,420,53,0.6965811965811965,0.6944583499199942,4328.761281083057
Vismodegib,expression+methylation,420,53,0.6376390904692791,0.6923081085796212,4328.761281083057
Vismodegib,all four,420,53,0.6308659893565554,0.6801264316686149,12328.467394420659
PLX-4720,expression,423,54,0.7144272917857822,0.7400778370555748,1519.9110829529332
PLX-4720,methylation,423,54,0.5586049170954831,0.6387604740304749,1519.9110829529332
PLX-4720,mutation,423,54,0.13161806746712404,0.16676146096758498,1519.9110829529332
PLX-4720,pathway,423,54,0.6744806556127311,0.7443783875903874,1519.9110829529332
PLX-4720,expression+methylation,423,54,0.6272917857823517,0.722789786774442,1519.9110829529332
PLX-4720,all four,423,54,0.6822565275395462,0.7337192851063505,4328.761281083057
BX795,expression,81,14,0.432967032967033,0.43688074750585726,1519.9110829529332
BX795,methylation,81,14,0.4813186813186813,0.46028189121277674,533.6699231206308
BX795,mutation,81,14,0.1252747252747253,0.12298586747321451,4328.761281083057
BX795,pathway,81,14,0.47252747252747257,0.431218577635827,4328.761281083057
BX795,expression+methylation,81,14,0.5296703296703297,0.48192452799755486,1519.9110829529332
BX795,all four,81,14,0.621978021978022,0.4829810286121437,4328.761281083057
NU7441,expression,417,53,0.6444928237381068,0.6044306429301795,1519.9110829529332
NU7441,methylation,417,53,0.4760522496371553,0.46282796179900954,1519.9110829529332
NU7441,mutation,417,53,0.19190453152717302,0.18023933760735844,1519.9110829529332
NU7441,pathway,417,53,0.5655539429124334,0.5731116729956904,4328.761281083057
NU7441,expression+methylation,417,53,0.6286889211417513,0.585392527791768,1519.9110829529332
NU7441,all four,417,53,0.6374778261570715,0.6012226492267845,4328.761281083057
SL0101,expression,81,14,0.6439560439560439,0.7216287322129327,1519.9110829529332
SL0101,methylation,81,14,0.43736263736263736,0.4079092849871352,4328.761281083057
SL0101,mutation,81,14,0.3362637362637363,0.25410743407382874,4328.761281083057
SL0101,pathway,81,14,0.6571428571428571,0.7241247905929247,4328.761281083057
SL0101,expression+methylation,81,14,0.6439560439560439,0.6902734194344784,1519.9110829529332
SL0101,all four,81,14,0.6879120879120879,0.7092006416385501,4328.761281083057
Pevonedistat,expression,421,54,0.7007813988946062,0.636973246674926,533.6699231206308
Pevonedistat,methylation,421,54,0.6832475700400228,0.5744183477016107,533.6699231206308
Pevonedistat,mutation,421,54,0.18010291595197253,0.1419571696097974,4328.761281083057
Pevonedistat,pathway,421,54,0.7154183342862587,0.6406361146947959,1519.9110829529332
Pevonedistat,expression+methylation,421,54,0.7501048218029349,0.6478537975796775,1519.9110829529332
Pevonedistat,all four,421,54,0.7303602058319039,0.597445516814754,1519.9110829529332
Sapitinib,expression,426,54,0.42496664760815694,0.40220111229330746,533.6699231206308
Sapitinib,methylation,426,54,0.49693157995044784,0.41738020987243774,1519.9110829529332
Sapitinib,mutation,426,54,0.24840861444635026,0.2232815026518443,1519.9110829529332
Sapitinib,pathway,426,54,0.3599390127692014,0.32441517645516355,1519.9110829529332
Sapitinib,expression+methylation,426,54,0.4839717934057556,0.454403949866393,1519.9110829529332
Sapitinib,all four,426,54,0.46125404993329516,0.40862251915108977,1519.9110829529332
Doramapimod,expression,422,54,0.46887745378311413,0.48721860877042455,1519.9110829529332
Doramapimod,methylation,422,54,0.42580522203163707,0.45109690234974276,1519.9110829529332
Doramapimod,mutation,422,54,0.0324375833809796,0.029403561667538894,100000.0
Doramapimod,pathway,422,54,0.49212883552506187,0.4799526408080717,4328.761281083057
Doramapimod,expression+methylation,422,54,0.46094911377930237,0.47882158239537204,1519.9110829529332
Doramapimod,all four,422,54,0.49007051648561073,0.4897046516190834,4328.761281083057
JNK Inhibitor VIII,expression,418,54,0.6041166380789023,0.617782253658643,1519.9110829529332
JNK Inhibitor VIII,methylation,418,54,0.5307794930436438,0.5272805677559402,1519.9110829529332
JNK Inhibitor VIII,mutation,418,54,-0.014751286449399657,0.11088021817801401,4328.761281083057
JNK Inhibitor VIII,pathway,418,54,0.608919382504288,0.6234383722306203,4328.761281083057
JNK Inhibitor VIII,expression+methylation,418,54,0.6095292548122736,0.5845863937615864,1519.9110829529332
JNK Inhibitor VIII,all four,418,54,0.6011435105774727,0.6148900310124135,4328.761281083057
Uprosertib,expression,396,54,0.435029540689918,0.43968543141734256,533.6699231206308
Uprosertib,methylation,396,54,0.3004764627406137,0.18839841342301938,1519.9110829529332
Uprosertib,mutation,396,54,0.25717552887364203,0.19131579855850375,1519.9110829529332
Uprosertib,pathway,396,54,0.4537068801219744,0.4397028347965134,1519.9110829529332
Uprosertib,expression+methylation,396,54,0.440670859538784,0.32952657300762755,1519.9110829529332
Uprosertib,all four,396,54,0.3973699256718124,0.37748561189414825,1519.9110829529332
LCL161,expression,393,53,0.5248347040799871,0.5689800749167151,4328.761281083057
LCL161,methylation,393,53,0.37437510079019515,0.48637473209527904,1519.9110829529332
LCL161,mutation,393,53,0.05289469440412837,0.01928500691167876,1519.9110829529332
LCL161,pathway,393,53,0.5187872923721981,0.5707554875065103,4328.761281083057
LCL161,expression+methylation,393,53,0.45920012901144974,0.5504172584741662,1519.9110829529332
LCL161,all four,393,53,0.488388969521045,0.592982991916025,4328.761281083057
Wee1 Inhibitor,expression,420,54,0.7360777587192681,0.6761252341153643,1519.9110829529332
Wee1 Inhibitor,methylation,420,54,0.5152277491900132,0.46108910582255924,533.6699231206308
Wee1 Inhibitor,mutation,420,54,0.15113398132266054,0.11739233270414887,1519.9110829529332
Wee1 Inhibitor,pathway,420,54,0.6682294644558794,0.6416399412859104,4328.761281083057
Wee1 Inhibitor,expression+methylation,420,54,0.6663998475319229,0.6185245125647932,1519.9110829529332
Wee1 Inhibitor,all four,420,54,0.7427863541071088,0.6685000733267881,1519.9110829529332
Nutlin-3a (-),expression,427,54,0.7634457785401181,0.7542040048724779,533.6699231206308
Nutlin-3a (-),methylation,427,54,0.6282828282828282,0.6201946750881318,1519.9110829529332
Nutlin-3a (-),mutation,427,54,0.31785782351820085,0.3721650232732866,533.6699231206308
Nutlin-3a (-),pathway,427,54,0.8033161806746711,0.8055790853046728,1519.9110829529332
Nutlin-3a (-),expression+methylation,427,54,0.7459119496855345,0.7313195941021771,533.6699231206308
Nutlin-3a (-),all four,427,54,0.7921097770154373,0.7838259980457988,1519.9110829529332
Lapatinib,expression,425,54,0.40125786163522004,0.3560013006484921,1519.9110829529332
Lapatinib,methylation,425,54,0.31396988755479316,0.2191653618078041,1519.9110829529332
Lapatinib,mutation,425,54,0.2396417000190585,0.32585075151699505,1519.9110829529332
Lapatinib,pathway,425,54,0.3206022489041356,0.30973367403202523,4328.761281083057
Lapatinib,expression+methylation,425,54,0.3621497998856489,0.31601679596670795,1519.9110829529332
Lapatinib,all four,425,54,0.3986659043262817,0.36355010987348524,4328.761281083057
PD173074,expression,426,54,0.5605107680579378,0.6145895404352697,1519.9110829529332
PD173074,methylation,426,54,0.5031065370688012,0.5315498232060974,1519.9110829529332
PD173074,mutation,426,54,0.10226796264532112,0.18540854292754463,4328.761281083057
PD173074,pathway,426,54,0.5679817038307603,0.6080547088387294,4328.761281083057
PD173074,expression+methylation,426,54,0.5164474938059843,0.5562736097314909,1519.9110829529332
PD173074,all four,426,54,0.5625690870973888,0.6004667165980339,4328.761281083057
ZM447439,expression,417,53,0.6650540235445895,0.6139238989207063,1519.9110829529332
ZM447439,methylation,417,53,0.45097564908885657,0.5039875090621294,1519.9110829529332
ZM447439,mutation,417,53,0.052007740686985965,0.12231040385776634,1519.9110829529332
ZM447439,pathway,417,53,0.6297371391711015,0.6358754163519951,4328.761281083057
ZM447439,expression+methylation,417,53,0.6115142718916304,0.5868430754252727,1519.9110829529332
ZM447439,all four,417,53,0.6178842122238348,0.6159116976614225,4328.761281083057
Alisertib,expression,419,52,0.5825151541022795,0.64108185569334,1519.9110829529332
Alisertib,methylation,419,52,0.3573806881243063,0.48526612117487544,1519.9110829529332
Alisertib,mutation,419,52,0.17655596345940405,0.20650277075675333,4328.761281083057
Alisertib,pathway,419,52,0.5153248527277384,0.5973696916035114,4328.761281083057
Alisertib,expression+methylation,419,52,0.5024331938871339,0.6000418524615894,1519.9110829529332
Alisertib,all four,419,52,0.5428156748911466,0.6138205876788797,4328.761281083057
Alpelisib,expression,425,54,0.5832285115303982,0.5963584707877407,1519.9110829529332
Alpelisib,methylation,425,54,0.5152277491900132,0.463312302156737,1519.9110829529332
Alpelisib,mutation,425,54,0.21593291404612155,0.21706755812834425,1519.9110829529332
Alpelisib,pathway,425,54,0.5850581284543548,0.5568357369725705,4328.761281083057
Alpelisib,expression+methylation,425,54,0.6064798932723461,0.5777952975357915,1519.9110829529332
Alpelisib,all four,425,54,0.653973699256718,0.6213047984922822,4328.761281083057
MK-2206,expression,427,54,0.62736801982085,0.6258031745663845,533.6699231206308
MK-2206,methylation,427,54,0.42275586049170955,0.4312793665100214,1519.9110829529332
MK-2206,mutation,427,54,0.15563178959405372,0.18337932984828365,4328.761281083057
MK-2206,pathway,427,54,0.6314084238612541,0.6777250726720759,1519.9110829529332
MK-2206,expression+methylation,427,54,0.5943586811511339,0.5547495178821407,1519.9110829529332
MK-2206,all four,427,54,0.62736801982085,0.6209988707957997,4328.761281083057
Palbociclib,expression,427,54,0.7538402896893462,0.8361104730595246,1519.9110829529332
Palbociclib,methylation,427,54,0.6096817228892699,0.7057105291499325,1519.9110829529332
Palbociclib,mutation,427,54,0.3897465218219935,0.3894075683217791,1519.9110829529332
Palbociclib,pathway,427,54,0.7102344196683819,0.7977017416767844,4328.761281083057
Palbociclib,expression+methylation,427,54,0.7312750142938822,0.8188483277649774,1519.9110829529332
Palbociclib,all four,427,54,0.7180865256336953,0.816177486399767,4328.761281083057
Taselisib,expression,426,54,0.42001143510577466,0.3773319097356578,1519.9110829529332
Taselisib,methylation,426,54,0.3674861825805222,0.2422697248830016,1519.9110829529332
Taselisib,mutation,426,54,0.25786163522012573,0.26586804078795473,1519.9110829529332
Taselisib,pathway,426,54,0.2942252715837621,0.2697065412231486,1519.9110829529332
Taselisib,expression+methylation,426,54,0.40781398894606435,0.31571497144067695,1519.9110829529332
Taselisib,all four,426,54,0.3072612921669525,0.2785651455654355,1519.9110829529332
EPZ5676,expression,423,54,0.7522393748808842,0.6704883776477838,1519.9110829529332
EPZ5676,methylation,423,54,0.5341337907375643,0.5772235281330206,1519.9110829529332
EPZ5676,mutation,423,54,-0.11560891938250428,-0.10472956081397918,1519.9110829529332
EPZ5676,pathway,423,54,0.8111682866399846,0.7074181551819603,4328.761281083057
EPZ5676,expression+methylation,423,54,0.7363826948732608,0.657309025126174,4328.761281083057
EPZ5676,all four,423,54,0.7499523537259385,0.6879169643224409,4328.761281083057
Dactolisib,expression,421,54,0.5089765580331617,0.49917864801456646,4328.761281083057
Dactolisib,methylation,421,54,0.2740994854202401,0.27772003115801014,1519.9110829529332
Dactolisib,mutation,421,54,0.059729369163331415,-0.02878750275820406,4328.761281083057
Dactolisib,pathway,421,54,0.4398322851153039,0.4258206665969582,12328.467394420659
Dactolisib,expression+methylation,421,54,0.4675814751286449,0.4500608936284953,4328.761281083057
Dactolisib,all four,421,54,0.4226033924147131,0.4172024723004979,12328.467394420659
Pictilisib,expression,426,54,0.32090718505812843,0.3656213387477247,1519.9110829529332
Pictilisib,methylation,426,54,0.20182961692395654,0.13848084072218794,1519.9110829529332
Pictilisib,mutation,426,54,0.2964360587002096,0.32498069778797556,4328.761281083057
Pictilisib,pathway,426,54,0.28500095292548117,0.3202799534123617,4328.761281083057
Pictilisib,expression+methylation,426,54,0.25046693348580135,0.23328215205981911,1519.9110829529332
Pictilisib,all four,426,54,0.30489803697350865,0.31624447334259376,4328.761281083057
AZD8055,expression,349,42,0.3300380844340005,0.36021068395046785,1519.9110829529332
AZD8055,methylation,349,42,0.27720606109715584,0.2278045140232755,1519.9110829529332
AZD8055,mutation,349,42,0.11125516570780328,0.1232304954815044,4328.761281083057
AZD8055,pathway,349,42,0.2953569402803663,0.29870711521286836,12328.467394420659
AZD8055,expression+methylation,349,42,0.31253545093590474,0.376570097037543,4328.761281083057
AZD8055,all four,349,42,0.32695891742970584,0.3558448371349707,12328.467394420659
PD0325901,expression,427,54,0.694987611968744,0.6782405453889914,533.6699231206308
PD0325901,methylation,427,54,0.551743853630646,0.5241862355764456,533.6699231206308
PD0325901,mutation,427,54,0.3201448446731465,0.23306879813404097,1519.9110829529332
PD0325901,pathway,427,54,0.6946826758147512,0.6831321816451875,1519.9110829529332
PD0325901,expression+methylation,427,54,0.6777587192681532,0.6796286573427359,533.6699231206308
PD0325901,all four,427,54,0.743319992376596,0.7287505063495602,1519.9110829529332
SCH772984,expression,425,54,0.7382123117972174,0.7109721183128688,533.6699231206308
SCH772984,methylation,425,54,0.6178387650085763,0.5770494610696926,1519.9110829529332
SCH772984,mutation,425,54,0.4204688393367638,0.4170927625201356,1519.9110829529332
SCH772984,pathway,425,54,0.6615971031065371,0.6655521021248813,1519.9110829529332
SCH772984,expression+methylation,425,54,0.7711454164284351,0.7465516818049057,1519.9110829529332
SCH772984,all four,425,54,0.7880693729750332,0.7631152004401127,4328.761281083057
Selumetinib,expression,420,53,0.659812933397839,0.7087478173161468,1519.9110829529332
Selumetinib,methylation,420,53,0.6539267860022577,0.5396297431259726,1519.9110829529332
Selumetinib,mutation,420,53,0.19085631349782295,0.16729621392916721,1519.9110829529332
Selumetinib,pathway,420,53,0.6145782938235769,0.6130375835422321,1519.9110829529332
Selumetinib,expression+methylation,420,53,0.7280277374616996,0.7137601388968592,1519.9110829529332
Selumetinib,all four,420,53,0.6518303499435576,0.6525291249630315,1519.9110829529332
BIBR-1532,expression,417,54,0.6487897846388412,0.6303837542198547,1519.9110829529332
BIBR-1532,methylation,417,54,0.513093196112064,0.5164222212091534,1519.9110829529332
BIBR-1532,mutation,417,54,0.1932914046121593,0.2343036777854714,4328.761281083057
BIBR-1532,pathway,417,54,0.6991042500476462,0.6951124538889767,4328.761281083057
BIBR-1532,expression+methylation,417,54,0.6102915951972555,0.6110532034664307,1519.9110829529332
BIBR-1532,all four,417,54,0.6773775490756623,0.6934917329039141,12328.467394420659
IWP-2,expression,392,54,0.7642081189251,0.6918626656335234,1519.9110829529332
IWP-2,methylation,392,54,0.4572136458928911,0.48851082527271444,1519.9110829529332
IWP-2,mutation,392,54,-0.06895368782161233,0.04129706602797984,1519.9110829529332
IWP-2,pathway,392,54,0.7642081189251,0.6914690117318418,4328.761281083057
IWP-2,expression+methylation,392,54,0.6792071659996188,0.6511374294721535,1519.9110829529332
IWP-2,all four,392,54,0.7671812464265293,0.6914335228646016,4328.761281083057
Leflunomide,expression,393,54,0.7292929292929292,0.7701513625434844,1519.9110829529332
Leflunomide,methylation,393,54,0.5966457023060796,0.7366767983130877,1519.9110829529332
Leflunomide,mutation,393,54,0.02755860491709548,0.086112545896523,1519.9110829529332
Leflunomide,pathway,393,54,0.7024585477415665,0.7534741215222152,4328.761281083057
Leflunomide,expression+methylation,393,54,0.7269296740994853,0.7759730407914078,4328.761281083057
Leflunomide,all four,393,54,0.7029921860110538,0.7646241964632944,12328.467394420659
CCT007093,expression,415,52,0.6859899257235549,0.6355942714871536,1519.9110829529332
CCT007093,methylation,415,52,0.4817723896525228,0.48543615020495645,533.6699231206308
CCT007093,mutation,415,52,0.04413899086485101,0.0799657954679889,1519.9110829529332
CCT007093,pathway,415,52,0.6894903099120635,0.6616655143757275,4328.761281083057
CCT007093,expression+methylation,415,52,0.6335695381200375,0.626149955476911,1519.9110829529332
CCT007093,all four,415,52,0.6739520191240501,0.6572093642353756,4328.761281083057
Obatoclax Mesylate,expression,362,43,0.5909090909090909,0.6134249981871704,1519.9110829529332
Obatoclax Mesylate,methylation,362,43,0.42071881606765327,0.3902546632530061,1519.9110829529332
Obatoclax Mesylate,mutation,362,43,0.1621866505587436,0.24169791985284245,1519.9110829529332
Obatoclax Mesylate,pathway,362,43,0.5745998187858653,0.6093347699022944,4328.761281083057
Obatoclax Mesylate,expression+methylation,362,43,0.47795228027786163,0.4915791602840435,1519.9110829529332
Obatoclax Mesylate,all four,362,43,0.5132890365448506,0.5675355275001981,4328.761281083057
EHT-1864,expression,415,53,0.5545073375262054,0.5534696446960996,1519.9110829529332
EHT-1864,methylation,415,53,0.3277697145621674,0.3079666582197664,1519.9110829529332
EHT-1864,mutation,415,53,0.3671988388969521,0.3141541367122043,35111.917342151275
EHT-1864,pathway,415,53,0.5895823254313819,0.5796106412370868,4328.761281083057
EHT-1864,expression+methylation,415,53,0.5339461377197225,0.5264916120918045,4328.761281083057
EHT-1864,all four,415,53,0.5278987260119336,0.5516997797357179,4328.761281083057
Pyridostatin,expression,416,54,0.7379073756432245,0.7248091040425215,1519.9110829529332
Pyridostatin,methylation,416,54,0.5808652563369544,0.575619107757597,1519.9110829529332
Pyridostatin,mutation,416,54,0.24398704021345527,0.3120672105935397,1519.9110829529332
Pyridostatin,pathway,416,54,0.6498570611778158,0.656485617287148,4328.761281083057
Pyridostatin,expression+methylation,416,54,0.6774537831141604,0.6806208334720181,4328.761281083057
Pyridostatin,all four,416,54,0.7069563560129597,0.7036373913261698,4328.761281083057
Avagacestat,expression,424,53,0.6994839542009353,0.6536375931060708,1519.9110829529332
Avagacestat,methylation,424,53,0.568537332688276,0.5565387739199037,1519.9110829529332
Avagacestat,mutation,424,53,-0.018303499435574907,-0.0058450077544307324,4328.761281083057
Avagacestat,pathway,424,53,0.6782776971456217,0.6252459936453635,4328.761281083057
Avagacestat,expression+methylation,424,53,0.6495726495726496,0.6228708698637374,4328.761281083057
Avagacestat,all four,424,53,0.6629575874858893,0.6172603034831781,4328.761281083057
5-Fluorouracil,expression,427,54,0.6621307413760242,0.6726837627417076,1519.9110829529332
5-Fluorouracil,methylation,427,54,0.4916714312940727,0.4959181132717757,1519.9110829529332
5-Fluorouracil,mutation,427,54,0.04234800838574423,0.11986657916741987,1519.9110829529332
5-Fluorouracil,pathway,427,54,0.5778921288355249,0.5867935298429747,4328.761281083057
5-Fluorouracil,expression+methylation,427,54,0.6566418906041548,0.6363108547332965,1519.9110829529332
5-Fluorouracil,all four,427,54,0.6019058509624546,0.6099537663334711,4328.761281083057
AMG-319,expression,416,54,0.6222603392414712,0.726567861153846,4328.761281083057
AMG-319,methylation,416,54,0.4649132837812083,0.5381070896797717,1519.9110829529332
AMG-319,mutation,416,54,0.09220506956356012,0.18413944206642918,1519.9110829529332
AMG-319,pathway,416,54,0.6530588907947398,0.7172478515624546,4328.761281083057
AMG-319,expression+methylation,416,54,0.5640937678673525,0.6857279346099525,4328.761281083057
AMG-319,all four,416,54,0.6202782542405184,0.7059231605706587,12328.467394420659
VX-11e,expression,421,52,0.678903782122428,0.6988208307072173,1519.9110829529332
VX-11e,methylation,421,52,0.5037991974728934,0.500055940050686,1519.9110829529332
VX-11e,mutation,421,52,0.2679928284811747,0.1967129804076139,1519.9110829529332
VX-11e,pathway,421,52,0.6784769060018782,0.6693910607763047,1519.9110829529332
VX-11e,expression+methylation,421,52,0.6632801161103048,0.6991294983852643,1519.9110829529332
VX-11e,all four,421,52,0.7265431571757875,0.7268342396438041,4328.761281083057
MK-8776,expression,416,54,0.6798170383076043,0.741225424266895,1519.9110829529332
MK-8776,methylation,416,54,0.5196493234229081,0.5301587866662351,533.6699231206308
MK-8776,mutation,416,54,0.09022298456260719,0.1509699986755845,1519.9110829529332
MK-8776,pathway,416,54,0.589937106918239,0.678517210603152,4328.761281083057
MK-8776,expression+methylation,416,54,0.6369735086716218,0.695929800136435,1519.9110829529332
MK-8776,all four,416,54,0.6635029540689917,0.7179694639750991,4328.761281083057
Dasatinib,expression,423,54,0.602439489231942,0.6119265892517953,533.6699231206308
Dasatinib,methylation,423,54,0.44318658280922424,0.3717382935558017,533.6699231206308
Dasatinib,mutation,423,54,0.20891938250428815,0.09810442058926401,4328.761281083057
Dasatinib,pathway,423,54,0.6115113398132266,0.6089052244161456,1519.9110829529332
Dasatinib,expression+methylation,423,54,0.6009148084619782,0.6091926831348382,1519.9110829529332
Dasatinib,all four,423,54,0.6146369353916522,0.6136257632182754,4328.761281083057
Paclitaxel,expression,421,54,0.5935201067276539,0.5352722596461011,1519.9110829529332
Paclitaxel,methylation,421,54,0.43175147703449585,0.4196735963815135,1519.9110829529332
Paclitaxel,mutation,421,54,0.028397179340575562,0.0954106471077644,4328.761281083057
Paclitaxel,pathway,421,54,0.5242995997712978,0.4729595925734275,4328.761281083057
Paclitaxel,expression+methylation,421,54,0.5848294263388603,0.5045079347185848,1519.9110829529332
Paclitaxel,all four,421,54,0.5663807890222984,0.4921794206235489,4328.761281083057
Entinostat,expression,394,54,0.7369163331427481,0.7213681482193786,1519.9110829529332
Entinostat,methylation,394,54,0.49372975033352384,0.5527716716416661,533.6699231206308
Entinostat,mutation,394,54,0.003087478559176672,0.08772702178385479,4328.761281083057
Entinostat,pathway,394,54,0.687364208118925,0.7277146821703364,4328.761281083057
Entinostat,expression+methylation,394,54,0.6678482942633884,0.694332052980895,1519.9110829529332
Entinostat,all four,394,54,0.7176291214027061,0.7306461542067284,4328.761281083057
Crizotinib,expression,426,54,0.6903373356203544,0.6935646358500114,1519.9110829529332
Crizotinib,methylation,426,54,0.5362683438155136,0.5511105965391238,1519.9110829529332
Crizotinib,mutation,426,54,0.12003049361539926,0.146871319964042,4328.761281083057
Crizotinib,pathway,426,54,0.7111492281303601,0.7123453373244362,4328.761281083057
Crizotinib,expression+methylation,426,54,0.6463502954068991,0.6540894445133256,1519.9110829529332
Crizotinib,all four,426,54,0.6753192300362111,0.6921958897715682,4328.761281083057
LJI308,expression,420,52,0.6863314266199949,0.6974920006600913,1519.9110829529332
LJI308,methylation,420,52,0.6172628703150345,0.6209782794034895,1519.9110829529332
LJI308,mutation,420,52,-0.009647400324425851,0.02335248301062957,4328.761281083057
LJI308,pathway,420,52,0.662767864765645,0.6795793767252867,4328.761281083057
LJI308,expression+methylation,420,52,0.681465038845727,0.6972479893534911,1519.9110829529332
LJI308,all four,420,52,0.6796721591394177,0.6826058639006607,4328.761281083057
Sorafenib,expression,421,54,0.8214598818372402,0.6822203933523636,1519.9110829529332
Sorafenib,methylation,421,54,0.6276729559748427,0.5330423741708734,1519.9110829529332
Sorafenib,mutation,421,54,-0.10928149418715455,-0.014935937901173924,4328.761281083057
Sorafenib,pathway,421,54,0.8319039451114921,0.7091447104204431,4328.761281083057
Sorafenib,expression+methylation,421,54,0.7740423098913664,0.6516353377494055,1519.9110829529332
Sorafenib,all four,421,54,0.8222984562607204,0.6903972884031592,12328.467394420659
BI-2536,expression,404,52,0.6285323998975496,0.6255354550248401,1519.9110829529332
BI-2536,methylation,404,52,0.4401092802868607,0.43903124697416673,1519.9110829529332
BI-2536,mutation,404,52,0.12353794928711687,0.1148261342211096,1519.9110829529332
BI-2536,pathway,404,52,0.6421070605310338,0.6220865282835968,1519.9110829529332
BI-2536,expression+methylation,404,52,0.5502433193887134,0.5641962266297192,1519.9110829529332
BI-2536,all four,404,52,0.6119696064202168,0.6048295602691948,4328.761281083057
LGK974,expression,425,54,0.6233276157804459,0.6452243315626647,1519.9110829529332
LGK974,methylation,425,54,0.4331236897274633,0.4558116577005625,1519.9110829529332
LGK974,mutation,425,54,0.3180865256336954,0.27405143597761555,4328.761281083057
LGK974,pathway,425,54,0.6686106346483703,0.6732563231236208,4328.761281083057
LGK974,expression+methylation,425,54,0.5939012769201448,0.6293492981607636,4328.761281083057
LGK974,all four,425,54,0.6428435296359825,0.6475881754332816,4328.761281083057
Irinotecan,expression,425,54,0.7794549266247379,0.742267480281347,1519.9110829529332
Irinotecan,methylation,425,54,0.7254812273680197,0.6794250173708523,1519.9110829529332
Irinotecan,mutation,425,54,0.10691823899371067,0.1958034704352407,1519.9110829529332
Irinotecan,pathway,425,54,0.7594053744997139,0.743689415564687,4328.761281083057
Irinotecan,expression+methylation,425,54,0.7761768629693155,0.7460615874178669,1519.9110829529332
Irinotecan,all four,425,54,0.7905088622069752,0.7636546599001938,4328.761281083057
Oxaliplatin,expression,426,54,0.8263388603011242,0.820129003137477,533.6699231206308
Oxaliplatin,methylation,426,54,0.6558033161806746,0.6688678078413692,533.6699231206308
Oxaliplatin,mutation,426,54,0.24917095483133217,0.30135710119362263,1519.9110829529332
Oxaliplatin,pathway,426,54,0.8400609872307985,0.8226023347545826,4328.761281083057
Oxaliplatin,expression+methylation,426,54,0.8505812845435485,0.8316326024087309,1519.9110829529332
Oxaliplatin,all four,426,54,0.8611778158947969,0.8450721449399949,4328.761281083057
GSK591,expression,420,52,0.6880389311021942,0.6985030922612228,1519.9110829529332
GSK591,methylation,420,52,0.6366430461879962,0.6771485791952933,4328.761281083057
GSK591,mutation,420,52,0.2516861606761718,0.18351545363688362,12328.467394420659
GSK591,pathway,420,52,0.6352770426022368,0.6387251801243657,12328.467394420659
GSK591,expression+methylation,420,52,0.7020404678562281,0.7166033588067676,4328.761281083057
GSK591,all four,420,52,0.6983693332194997,0.6926159275288766,12328.467394420659
VE821,expression,419,51,0.7966515837104072,0.8058370245543098,1519.9110829529332
VE821,methylation,419,51,0.6863348416289593,0.7471249277187612,1519.9110829529332
VE821,mutation,419,51,0.21809954751131222,0.2818627257309655,4328.761281083057
VE821,pathway,419,51,0.7196380090497736,0.778717253580067,4328.761281083057
VE821,expression+methylation,419,51,0.8128506787330316,0.826526457594117,1519.9110829529332
VE821,all four,419,51,0.7781900452488686,0.8106365905877975,4328.761281083057
GSK1904529A,expression,425,54,0.6250809986659042,0.6106015078616553,4328.761281083057
GSK1904529A,methylation,425,54,0.587955021917286,0.5294599174697171,1519.9110829529332
GSK1904529A,mutation,425,54,0.20884314846578994,0.147900021001349,4328.761281083057
GSK1904529A,pathway,425,54,0.5430531732418524,0.559499493657967,12328.467394420659
GSK1904529A,expression+methylation,425,54,0.643072231751477,0.6132091948412871,4328.761281083057
GSK1904529A,all four,425,54,0.6035067657709166,0.5880662456405137,12328.467394420659
Tozasertib,expression,112,16,0.7205882352941175,0.7003098659484478,533.6699231206308
Tozasertib,methylation,112,16,0.6705882352941177,0.6995504722650115,533.6699231206308
Tozasertib,mutation,112,16,-0.008823529411764706,-0.1673029429652106,533.6699231206308
Tozasertib,pathway,112,16,0.7264705882352941,0.7412013563605753,1519.9110829529332
Tozasertib,expression+methylation,112,16,0.6823529411764706,0.6614431755801513,533.6699231206308
Tozasertib,all four,112,16,0.7382352941176471,0.7089870449911697,4328.761281083057
VE-822,expression,391,54,0.7188488660186773,0.7423586694198705,1519.9110829529332
VE-822,methylation,391,54,0.4934248141795311,0.5933523621351289,1519.9110829529332
VE-822,mutation,391,54,0.09159519725557459,0.060864257351314954,4328.761281083057
VE-822,pathway,391,54,0.7039069944730321,0.7259209704423322,4328.761281083057
VE-822,expression+methylation,391,54,0.6807318467695825,0.7058881881916412,1519.9110829529332
VE-822,all four,391,54,0.7154945683247569,0.7468220555417016,4328.761281083057
WZ4003,expression,391,54,0.38479130931961114,0.41977104577175717,1519.9110829529332
WZ4003,methylation,391,54,0.24520678482942632,0.32422410605762964,1519.9110829529332
WZ4003,mutation,391,54,0.2140270630836668,0.2378073664934976,1519.9110829529332
WZ4003,pathway,391,54,0.38700209643605865,0.39707835927563573,4328.761281083057
WZ4003,expression+methylation,391,54,0.3413379073756432,0.39594044366643566,1519.9110829529332
WZ4003,all four,391,54,0.40156279778921283,0.4323922654285983,4328.761281083057
CZC24832,expression,391,54,0.6898799313893653,0.7676648367128898,1519.9110829529332
CZC24832,methylation,391,54,0.478101772441395,0.61937361179666,1519.9110829529332
CZC24832,mutation,391,54,-0.02496664760815704,0.18003268772427228,1519.9110829529332
CZC24832,pathway,391,54,0.6822565275395462,0.7679414009900346,4328.761281083057
CZC24832,expression+methylation,391,54,0.6240899561654277,0.743919503108921,4328.761281083057
CZC24832,all four,391,54,0.6548122736801981,0.766828003698603,4328.761281083057
AZD5582,expression,387,54,0.6932342290832856,0.5808597954695529,1519.9110829529332
AZD5582,methylation,387,54,0.36504669334858003,0.3937943151134122,1519.9110829529332
AZD5582,mutation,387,54,-0.09639794168096052,0.0008156851515449814,1519.9110829529332
AZD5582,pathway,387,54,0.6033542976939202,0.535812726206287,1519.9110829529332
AZD5582,expression+methylation,387,54,0.6027444253859348,0.5200020704491939,1519.9110829529332
AZD5582,all four,387,54,0.5982466171145415,0.5709839596023722,4328.761281083057
GSK2606414,expression,388,54,0.7127501429388221,0.7195259881950535,1519.9110829529332
GSK2606414,methylation,388,54,0.44989517819706487,0.523423167825678,4328.761281083057
GSK2606414,mutation,388,54,0.03960358299980941,0.07729876215303622,4328.761281083057
GSK2606414,pathway,388,54,0.7246426529445397,0.7003412127219011,4328.761281083057
GSK2606414,expression+methylation,388,54,0.6534400609872307,0.6919457244712136,4328.761281083057
GSK2606414,all four,388,54,0.6923194206213075,0.7085516568424416,4328.761281083057
PFI3,expression,391,54,0.7274633123689727,0.7456025827954227,1519.9110829529332
PFI3,methylation,391,54,0.5595959595959595,0.6575414758114855,1519.9110829529332
PFI3,mutation,391,54,0.0706308366685725,0.18785771443684834,4328.761281083057
PFI3,pathway,391,54,0.6929292929292928,0.7236253069883851,4328.761281083057
PFI3,expression+methylation,391,54,0.6822565275395462,0.7396672725896406,1519.9110829529332
PFI3,all four,391,54,0.713512483323804,0.7440833539718826,4328.761281083057
PCI-34051,expression,391,54,0.7613874595006669,0.7744576871023345,1519.9110829529332
PCI-34051,methylation,391,54,0.7091671431294073,0.7538310218095552,1519.9110829529332
PCI-34051,mutation,391,54,0.11057747284162377,0.16143196006123853,4328.761281083057
PCI-34051,pathway,391,54,0.7241852487135505,0.7512355503789083,1519.9110829529332
PCI-34051,expression+methylation,391,54,0.7605488850771869,0.7854209605160934,4328.761281083057
PCI-34051,all four,391,54,0.7652753954640746,0.7908418330366355,4328.761281083057
Wnt-C59,expression,391,54,0.6498570611778158,0.6653663615640737,1519.9110829529332
Wnt-C59,methylation,391,54,0.5732418524871353,0.5576640116159512,1519.9110829529332
Wnt-C59,mutation,391,54,-0.03655422145988184,0.02704358058026933,12328.467394420659
Wnt-C59,pathway,391,54,0.605260148656375,0.6383915705949261,1519.9110829529332
Wnt-C59,expression+methylation,391,54,0.6578616352201256,0.6561676940846624,1519.9110829529332
Wnt-C59,all four,391,54,0.631865828092243,0.6435806246065883,4328.761281083057
I-BET-762,expression,391,54,0.615323041738136,0.7330557193151057,1519.9110829529332
I-BET-762,methylation,391,54,0.48648751667619583,0.6478311629157747,1519.9110829529332
I-BET-762,mutation,391,54,0.20144844673146559,0.27531447359666406,1519.9110829529332
I-BET-762,pathway,391,54,0.5409186201639031,0.6923236097626182,4328.761281083057
I-BET-762,expression+methylation,391,54,0.5400038117019248,0.7298707402598432,4328.761281083057
I-BET-762,all four,391,54,0.587573851724795,0.7280432244217772,4328.761281083057
OTX015,expression,391,54,0.6265294453973698,0.7520419041706701,1519.9110829529332
OTX015,methylation,391,54,0.40590813798360964,0.5869114254167376,1519.9110829529332
OTX015,mutation,391,54,0.26830569849437774,0.3522313101778696,1519.9110829529332
OTX015,pathway,391,54,0.5243758338097959,0.6935601399817966,4328.761281083057
OTX015,expression+methylation,391,54,0.5316943015056222,0.6956436491591191,1519.9110829529332
OTX015,all four,391,54,0.5720221078711645,0.7280025106882482,4328.761281083057
GSK343,expression,390,54,0.6893462931198778,0.7532457158908621,1519.9110829529332
GSK343,methylation,390,54,0.4787878787878787,0.655147374992003,1519.9110829529332
GSK343,mutation,390,54,0.010863350485991994,0.14322194827375495,4328.761281083057
GSK343,pathway,390,54,0.6638841242614827,0.7597350556392938,4328.761281083057
GSK343,expression+methylation,390,54,0.6481799123308557,0.7570186348785269,4328.761281083057
GSK343,all four,390,54,0.65641318848866,0.7679099099974647,12328.467394420659
ML323,expression,390,54,0.7629121402706307,0.7393513907459989,1519.9110829529332
ML323,methylation,390,54,0.6284352963598245,0.5906470832159978,1519.9110829529332
ML323,mutation,390,54,0.12704402515723268,0.06828270929467932,4328.761281083057
ML323,pathway,390,54,0.7890604154755096,0.7741109492794443,1519.9110829529332
ML323,expression+methylation,390,54,0.7315037164093766,0.7156926720393811,1519.9110829529332
ML323,all four,390,54,0.7612349914236707,0.7513724981241893,4328.761281083057
Entospletinib,expression,391,54,0.5169048980369735,0.5799568495772459,1519.9110829529332
Entospletinib,methylation,391,54,0.4195540308747856,0.5142609420571803,1519.9110829529332
Entospletinib,mutation,391,54,0.11019630264913281,0.05303104475404596,12328.467394420659
Entospletinib,pathway,391,54,0.4822184105202972,0.5413727944131412,4328.761281083057
Entospletinib,expression+methylation,391,54,0.45210596531351244,0.5591913039504385,1519.9110829529332
Entospletinib,all four,391,54,0.5223175147703449,0.5803705874014834,4328.761281083057
PRT062607,expression,391,54,0.6145607013531542,0.6883110672566459,1519.9110829529332
PRT062607,methylation,391,54,0.5395464074709356,0.5634488549534324,533.6699231206308
PRT062607,mutation,391,54,0.061330283971793395,0.15894884476478843,1519.9110829529332
PRT062607,pathway,391,54,0.590775681341719,0.6433499855921596,1519.9110829529332
PRT062607,expression+methylation,391,54,0.5236134934248141,0.5771048621402264,533.6699231206308
PRT062607,all four,391,54,0.5725557461406516,0.621502493525224,1519.9110829529332
Ribociclib,expression,421,53,0.71464279954846,0.7923533846468686,1519.9110829529332
Ribociclib,methylation,421,53,0.5813578455087889,0.6581028435377984,1519.9110829529332
Ribociclib,mutation,421,53,0.11014352523786484,0.163717540914128,1519.9110829529332
Ribociclib,pathway,421,53,0.7149653281728753,0.765029775593196,4328.761281083057
Ribociclib,expression+methylation,421,53,0.7021448153523625,0.7670457276296067,1519.9110829529332
Ribociclib,all four,421,53,0.7185937751975486,0.7704613664142904,4328.761281083057
AGI-6780,expression,390,54,0.5966457023060796,0.5850851090410623,1519.9110829529332
AGI-6780,methylation,390,54,0.48885077186963977,0.4570378603389018,1519.9110829529332
AGI-6780,mutation,390,54,0.1470173432437583,0.11003244469911594,4328.761281083057
AGI-6780,pathway,390,54,0.6222603392414712,0.6033728597200474,4328.761281083057
AGI-6780,expression+methylation,390,54,0.5592147894034686,0.5688841255100507,4328.761281083057
AGI-6780,all four,390,54,0.6009910425004764,0.5835898040234468,4328.761281083057
Picolinici-acid,expression,390,54,0.7828854583571564,0.7580085553574791,1519.9110829529332
Picolinici-acid,methylation,390,54,0.5170573661139698,0.6262839630597763,1519.9110829529332
Picolinici-acid,mutation,390,54,0.00011435105774728416,0.01977973765131382,1519.9110829529332
Picolinici-acid,pathway,390,54,0.7072612921669523,0.7316096761879065,4328.761281083057
Picolinici-acid,expression+methylation,390,54,0.7263960358299979,0.7334447758895171,4328.761281083057
Picolinici-acid,all four,390,54,0.6923194206213075,0.7289093090345404,4328.761281083057
PF-4708671,expression,112,16,0.8941176470588235,0.7984402495783094,4328.761281083057
PF-4708671,methylation,112,16,0.6647058823529411,0.6664757300521928,1519.9110829529332
PF-4708671,mutation,112,16,-0.02941176470588235,-0.22566894433018617,1519.9110829529332
PF-4708671,pathway,112,16,0.8441176470588234,0.7978515107504007,12328.467394420659
PF-4708671,expression+methylation,112,16,0.85,0.7931189166841316,4328.761281083057
PF-4708671,all four,112,16,0.85,0.7860170665869319,12328.467394420659
PRIMA-1MET,expression,393,54,0.6693729750333522,0.6775134892951913,1519.9110829529332
PRIMA-1MET,methylation,393,54,0.5990089574995234,0.604786848135948,1519.9110829529332
PRIMA-1MET,mutation,393,54,0.11781970649895175,0.19008481786910036,533.6699231206308
PRIMA-1MET,pathway,393,54,0.6291214027063083,0.6469478401392672,4328.761281083057
PRIMA-1MET,expression+methylation,393,54,0.6606822946445587,0.654295440645756,1519.9110829529332
PRIMA-1MET,all four,393,54,0.6721174004192871,0.6827165979619397,4328.761281083057
Serdemetan,expression,420,53,0.7714078374455734,0.760675905137602,1519.9110829529332
Serdemetan,methylation,420,53,0.6698919529108208,0.691514046183994,1519.9110829529332
Serdemetan,mutation,420,53,0.0841799709724238,0.13187875276374594,1519.9110829529332
Serdemetan,pathway,420,53,0.744476697306886,0.7574829226036699,4328.761281083057
Serdemetan,expression+methylation,420,53,0.7613288179325916,0.7621948605119058,1519.9110829529332
Serdemetan,all four,420,53,0.7541525560393484,0.7599852832296796,4328.761281083057
AZD6482,expression,111,16,0.36176470588235293,0.5122231998428293,1519.9110829529332
AZD6482,methylation,111,16,0.5735294117647058,0.5392593826015677,533.6699231206308
AZD6482,mutation,111,16,-0.29705882352941176,-0.0486210460929686,533.6699231206308
AZD6482,pathway,111,16,0.5882352941176471,0.5868389604122918,12328.467394420659
AZD6482,expression+methylation,111,16,0.6382352941176471,0.5500972773262844,533.6699231206308
AZD6482,all four,111,16,0.5058823529411764,0.598333998194257,12328.467394420659
Foretinib,expression,417,54,0.5981703830760433,0.636520351946,1519.9110829529332
Foretinib,methylation,417,54,0.49258623975605104,0.5190599529647554,4328.761281083057
Foretinib,mutation,417,54,0.0317514770344959,-0.007714609492702369,35111.917342151275
Foretinib,pathway,417,54,0.5898608728797408,0.6702183715653942,4328.761281083057
Foretinib,expression+methylation,417,54,0.5558604917095482,0.596138485752548,1519.9110829529332
Foretinib,all four,417,54,0.5978654469220506,0.658267300551441,4328.761281083057
JQ1,expression,420,53,0.6598935655539429,0.7233297235857012,1519.9110829529332
JQ1,methylation,420,53,0.499435574907273,0.6002162757086738,1519.9110829529332
JQ1,mutation,420,53,0.18158361554587965,0.2506388138150467,1519.9110829529332
JQ1,pathway,420,53,0.6238509917755201,0.707600544867923,4328.761281083057
JQ1,expression+methylation,420,53,0.6409450088695371,0.7058906529797424,1519.9110829529332
JQ1,all four,420,53,0.7169004999193678,0.73586531102298,4328.761281083057
TW 37,expression,173,16,0.3382352941176471,0.2845584218831394,4328.761281083057
TW 37,methylation,173,16,0.0411764705882353,0.15922731211484215,1519.9110829529332
TW 37,mutation,173,16,0.38823529411764707,0.3236876251903194,4328.761281083057
TW 37,pathway,173,16,0.3294117647058824,0.2637380725680827,12328.467394420659
TW 37,expression+methylation,173,16,0.2411764705882353,0.27316133948808574,4328.761281083057
TW 37,all four,173,16,0.4441176470588235,0.3163591348356438,12328.467394420659
PFI-1,expression,417,54,0.5309319611206403,0.5997838778432487,1519.9110829529332
PFI-1,methylation,417,54,0.4540880503144653,0.5200443596413131,1519.9110829529332
PFI-1,mutation,417,54,0.06011053935582236,0.20457665809686337,1519.9110829529332
PFI-1,pathway,417,54,0.5446540880503143,0.6035187952925318,4328.761281083057
PFI-1,expression+methylation,417,54,0.5238421955403086,0.576336112016639,1519.9110829529332
PFI-1,all four,417,54,0.5272727272727272,0.6190162925315751,4328.761281083057
IOX2,expression,81,14,0.8285714285714285,0.7372589514270732,65.79332246575679
IOX2,methylation,81,14,0.4945054945054946,-0.028083647729703592,187.3817422860383
IOX2,mutation,81,14,-0.09010989010989012,-0.09352295145742946,100000.0
IOX2,pathway,81,14,0.8417582417582418,0.8833512623184472,4328.761281083057
IOX2,expression+methylation,81,14,0.6835164835164835,0.7450400920462512,533.6699231206308
IOX2,all four,81,14,0.7802197802197802,0.869158415631051,4328.761281083057
CHIR-99021,expression,81,14,0.6967032967032967,0.7141857194000392,533.6699231206308
CHIR-99021,methylation,81,14,0.8725274725274725,0.6776703347349262,187.3817422860383
CHIR-99021,mutation,81,14,0.1252747252747253,0.05728309210449459,100000.0
CHIR-99021,pathway,81,14,0.5560439560439561,0.596235645356344,4328.761281083057
CHIR-99021,expression+methylation,81,14,0.8637362637362638,0.8177428275681726,187.3817422860383
CHIR-99021,all four,81,14,0.621978021978022,0.7449320396083161,533.6699231206308
SGC0946,expression,417,54,0.5040975795692776,0.5150295687400612,4328.761281083057
SGC0946,methylation,417,54,0.34949494949494947,0.44601360875891916,1519.9110829529332
SGC0946,mutation,417,54,0.15685153421002476,0.05621606060161605,100000.0
SGC0946,pathway,417,54,0.5513626834381551,0.541194615339152,12328.467394420659
SGC0946,expression+methylation,417,54,0.44135696588526774,0.5143075312880118,4328.761281083057
SGC0946,all four,417,54,0.5541833428625881,0.5641336564264874,12328.467394420659
Erlotinib,expression,418,54,0.34446350295406897,0.3163405462966565,1519.9110829529332
Erlotinib,methylation,418,54,0.3539927577663426,0.28347840624592235,4328.761281083057
Erlotinib,mutation,418,54,0.29224318658280923,0.21935482419230987,4328.761281083057
Erlotinib,pathway,418,54,0.335620354488279,0.30084393556198274,4328.761281083057
Erlotinib,expression+methylation,418,54,0.3782351820087668,0.32428350786986876,4328.761281083057
Erlotinib,all four,418,54,0.3945492662473794,0.34678801942592596,12328.467394420659
Rucaparib,expression,419,53,0.6726334462183519,0.7054219603078549,1519.9110829529332
Rucaparib,methylation,419,53,0.5559587163360747,0.6283552991371482,1519.9110829529332
Rucaparib,mutation,419,53,0.18005160457990646,0.2081815750091111,4328.761281083057
Rucaparib,pathway,419,53,0.7226253830027416,0.7370905521422102,4328.761281083057
Rucaparib,expression+methylation,419,53,0.6486856958555073,0.6865378298181135,4328.761281083057
Rucaparib,all four,419,53,0.7150459603289792,0.7431886603141296,4328.761281083057
Niraparib,expression,393,54,0.7819706498951781,0.8247095501754584,1519.9110829529332
Niraparib,methylation,393,54,0.6234800838574422,0.7100432181486486,533.6699231206308
Niraparib,mutation,393,54,0.13329521631408422,0.19437403586034568,1519.9110829529332
Niraparib,pathway,393,54,0.8213074137602439,0.8425947430417181,4328.761281083057
Niraparib,expression+methylation,393,54,0.7780827139317705,0.8273613027198965,1519.9110829529332
Niraparib,all four,393,54,0.8047646274061367,0.8410495217331706,4328.761281083057
MK-1775,expression,426,54,0.6152468076996379,0.6474271097070785,1519.9110829529332
MK-1775,methylation,426,54,0.43800266819134737,0.4570092840779121,533.6699231206308
MK-1775,mutation,426,54,0.13817419477796836,0.13019844248375956,1519.9110829529332
MK-1775,pathway,426,54,0.6573279969506385,0.6533303045421877,1519.9110829529332
MK-1775,expression+methylation,426,54,0.5681341719077567,0.5870059417402391,1519.9110829529332
MK-1775,all four,426,54,0.6006861063464837,0.623412368584823,4328.761281083057
Dinaciclib,expression,390,54,0.772288927005908,0.6759954263566796,1519.9110829529332
Dinaciclib,methylation,390,54,0.5319230036211167,0.46129174387688965,1519.9110829529332
Dinaciclib,mutation,390,54,-0.09502572898799314,-0.06286796743148937,1519.9110829529332
Dinaciclib,pathway,390,54,0.762607204116638,0.6763148695650847,1519.9110829529332
Dinaciclib,expression+methylation,390,54,0.705889079473985,0.613529162478271,1519.9110829529332
Dinaciclib,all four,390,54,0.6783685915761386,0.6272379573297577,1519.9110829529332
Gemcitabine,expression,424,54,0.7293691633314274,0.7341585956964762,1519.9110829529332
Gemcitabine,methylation,424,54,0.5854392986468457,0.5991234918864858,1519.9110829529332
Gemcitabine,mutation,424,54,0.04730322088812654,0.14140014732028666,4328.761281083057
Gemcitabine,pathway,424,54,0.7028397179340574,0.7075202891106577,1519.9110829529332
Gemcitabine,expression+methylation,424,54,0.7157232704402514,0.7203618132207601,1519.9110829529332
Gemcitabine,all four,424,54,0.7181627596721936,0.7241156952360907,4328.761281083057
Bortezomib,expression,421,54,0.642691061558986,0.5143264437704764,1519.9110829529332
Bortezomib,methylation,421,54,0.4564513055079092,0.399782446415523,1519.9110829529332
Bortezomib,mutation,421,54,0.29811320754716975,0.26419387374189224,1519.9110829529332
Bortezomib,pathway,421,54,0.6061749571183531,0.4797747310060587,12328.467394420659
Bortezomib,expression+methylation,421,54,0.6080045740423098,0.47584373406671954,1519.9110829529332
Bortezomib,all four,421,54,0.6299599771297884,0.49972203409905114,12328.467394420659
GSK269962A,expression,112,16,0.611764705882353,0.5760858031770565,4328.761281083057
GSK269962A,methylation,112,16,0.6029411764705882,0.5998541659573353,1519.9110829529332
GSK269962A,mutation,112,16,-0.2911764705882353,-0.06976962458983466,35111.917342151275
GSK269962A,pathway,112,16,0.6323529411764706,0.582359639955426,12328.467394420659
GSK269962A,expression+methylation,112,16,0.7058823529411764,0.598469866097338,4328.761281083057
GSK269962A,all four,112,16,0.6470588235294118,0.5945448129223287,12328.467394420659
SB505124,expression,108,16,0.4323529411764706,0.42874376649874507,1519.9110829529332
SB505124,methylation,108,16,0.6264705882352941,0.4815456295841024,187.3817422860383
SB505124,mutation,108,16,-0.3205882352941176,-0.20807547582800756,533.6699231206308
SB505124,pathway,108,16,0.31176470588235294,0.4745540498255495,4328.761281083057
SB505124,expression+methylation,108,16,0.5411764705882353,0.5855445335733795,1519.9110829529332
SB505124,all four,108,16,0.488235294117647,0.5265228292141166,4328.761281083057
Tamoxifen,expression,421,54,0.3914999047074518,0.4421573044329036,4328.761281083057
Tamoxifen,methylation,421,54,0.28233276157804454,0.3140275055101091,1519.9110829529332
Tamoxifen,mutation,421,54,0.06620926243567753,0.09301771292046802,1519.9110829529332
Tamoxifen,pathway,421,54,0.41528492471888695,0.4454502853185917,12328.467394420659
Tamoxifen,expression+methylation,421,54,0.3677148846960167,0.4274955425395782,4328.761281083057
Tamoxifen,all four,421,54,0.3969125214408233,0.45148787005662394,12328.467394420659
Fulvestrant,expression,423,54,0.6841623785020011,0.6257647504646902,1519.9110829529332
Fulvestrant,methylation,423,54,0.38296169239565464,0.3961017015847471,1519.9110829529332
Fulvestrant,mutation,423,54,0.23377167905469787,0.29875203316698257,4328.761281083057
Fulvestrant,pathway,423,54,0.6850009529254811,0.642162107568073,4328.761281083057
Fulvestrant,expression+methylation,423,54,0.5970268724985706,0.5653084490323524,1519.9110829529332
Fulvestrant,all four,423,54,0.656794358681151,0.6307775018795603,4328.761281083057
EPZ004777,expression,425,54,0.7103868877453782,0.7118958391190455,1519.9110829529332
EPZ004777,methylation,425,54,0.5890222984562605,0.6371742951822144,1519.9110829529332
EPZ004777,mutation,425,54,0.038460072422336566,0.07136786545375115,1519.9110829529332
EPZ004777,pathway,425,54,0.6904135696588525,0.7278087562332043,4328.761281083057
EPZ004777,expression+methylation,425,54,0.6498570611778158,0.6826553935693528,1519.9110829529332
EPZ004777,all four,425,54,0.724413950829045,0.7312956052921666,4328.761281083057
YK-4-279,expression,421,54,0.647951210215361,0.6216691764147149,1519.9110829529332
YK-4-279,methylation,421,54,0.4621688583952734,0.4661834546772204,1519.9110829529332
YK-4-279,mutation,421,54,0.1587573851724795,0.17574078599797271,1519.9110829529332
YK-4-279,pathway,421,54,0.6032018296169238,0.5841971708061733,4328.761281083057
YK-4-279,expression+methylation,421,54,0.5965694682675814,0.5749408530635922,1519.9110829529332
YK-4-279,all four,421,54,0.634229083285687,0.6129238257553924,4328.761281083057
Piperlongumine,expression,81,14,0.5912087912087912,0.4976094220905691,1519.9110829529332
Piperlongumine,methylation,81,14,0.7274725274725276,0.45086334259925054,533.6699231206308
Piperlongumine,mutation,81,14,-0.2527472527472528,-0.1164478392909587,187.3817422860383
Piperlongumine,pathway,81,14,0.5032967032967033,0.42104008802426973,4328.761281083057
Piperlongumine,expression+methylation,81,14,0.7318681318681319,0.5450643526124928,4328.761281083057
Piperlongumine,all four,81,14,0.7230769230769231,0.5050392012215269,12328.467394420659
Daporinad,expression,252,27,0.611111111111111,0.6496522814621521,1519.9110829529332
Daporinad,methylation,252,27,0.48656898656898656,0.5022420466219056,1519.9110829529332
Daporinad,mutation,252,27,0.02869352869352869,0.11362904100450431,1519.9110829529332
Daporinad,pathway,252,27,0.6575091575091575,0.6487695476368693,4328.761281083057
Daporinad,expression+methylation,252,27,0.5726495726495726,0.5779480910071404,1519.9110829529332
Daporinad,all four,252,27,0.6874236874236873,0.6419999920769067,4328.761281083057
BMS-345541,expression,392,54,0.6080045740423098,0.6231282546137691,1519.9110829529332
BMS-345541,methylation,392,54,0.5782732990280158,0.6037183919363656,1519.9110829529332
BMS-345541,mutation,392,54,-0.028930817610062887,0.0043892373637215015,1519.9110829529332
BMS-345541,pathway,392,54,0.568286639984753,0.6258867947664637,4328.761281083057
BMS-345541,expression+methylation,392,54,0.6368210405946253,0.6357832866357565,1519.9110829529332
BMS-345541,all four,392,54,0.5595197255574613,0.6030869468113587,1519.9110829529332
AZ960,expression,393,54,0.6384219554030874,0.6829904429595766,1519.9110829529332
AZ960,methylation,393,54,0.5920716599961882,0.5966085892357547,533.6699231206308
AZ960,mutation,393,54,0.34888507718696393,0.36856904341478364,4328.761281083057
AZ960,pathway,393,54,0.6345340194396797,0.6830968826824277,4328.761281083057
AZ960,expression+methylation,393,54,0.6368210405946253,0.6730613209404264,1519.9110829529332
AZ960,all four,393,54,0.6445206784829426,0.6967297091528459,4328.761281083057
AZD4547,expression,423,54,0.6673908900323995,0.6359273657027669,1519.9110829529332
AZD4547,methylation,423,54,0.5491518963217076,0.5453031886235593,1519.9110829529332
AZD4547,mutation,423,54,0.3375262054507337,0.33266568574853317,4328.761281083057
AZD4547,pathway,423,54,0.5855917667238422,0.5787762876835548,4328.761281083057
AZD4547,expression+methylation,423,54,0.6190585096245472,0.5961220511503658,1519.9110829529332
AZD4547,all four,423,54,0.641471316943015,0.6165868695986689,4328.761281083057
Ibrutinib,expression,388,54,0.4835143891747665,0.4798862517268954,1519.9110829529332
Ibrutinib,methylation,388,54,0.39637888317133596,0.3962714667034794,1519.9110829529332
Ibrutinib,mutation,388,54,0.06620926243567753,0.067423210058422,1519.9110829529332
Ibrutinib,pathway,388,54,0.3159519725557461,0.29337186909913343,1519.9110829529332
Ibrutinib,expression+methylation,388,54,0.4842767295597484,0.48114500294906093,1519.9110829529332
Ibrutinib,all four,388,54,0.3421002477606251,0.3422870173530492,1519.9110829529332
GSK2830371,expression,343,40,0.7151969981238274,0.7510327164937328,1519.9110829529332
GSK2830371,methylation,343,40,0.523639774859287,0.6506977100511412,1519.9110829529332
GSK2830371,mutation,343,40,0.26979362101313326,0.3367164259353632,1519.9110829529332
GSK2830371,pathway,343,40,0.6478424015009381,0.762806656108939,4328.761281083057
GSK2830371,expression+methylation,343,40,0.6619136960600376,0.7334156472548063,1519.9110829529332
GSK2830371,all four,343,40,0.6675422138836774,0.7578285965808218,4328.761281083057
Sabutoclax,expression,390,54,0.7241852487135505,0.6898792134777654,1519.9110829529332
Sabutoclax,methylation,390,54,0.6154755098151323,0.5693192541589032,1519.9110829529332
Sabutoclax,mutation,390,54,0.04196683819325328,0.07918085748961656,1519.9110829529332
Sabutoclax,pathway,390,54,0.7161806746712406,0.6788045352677805,1519.9110829529332
Sabutoclax,expression+methylation,390,54,0.7254812273680197,0.684725093111283,1519.9110829529332
Sabutoclax,all four,390,54,0.7184676958261863,0.6803706758424136,4328.761281083057
LY2109761,expression,390,54,0.6579378692586239,0.6094925045963984,4328.761281083057
LY2109761,methylation,390,54,0.4944158566800076,0.542583646234057,1519.9110829529332
LY2109761,mutation,390,54,-0.02504288164665523,-0.009638098267184939,1519.9110829529332
LY2109761,pathway,390,54,0.6277491900133408,0.6231331191207164,4328.761281083057
LY2109761,expression+methylation,390,54,0.6254621688583951,0.630271006898085,4328.761281083057
LY2109761,all four,390,54,0.6388793596340765,0.6121390211119947,4328.761281083057
OF-1,expression,391,54,0.40789022298456257,0.376936405968718,4328.761281083057
OF-1,methylation,391,54,0.17324185248713547,0.1602746859305681,1519.9110829529332
OF-1,mutation,391,54,0.220125786163522,0.21716238450018696,100000.0
OF-1,pathway,391,54,0.4789403468648751,0.446123893646894,4328.761281083057
OF-1,expression+methylation,391,54,0.36474175719458735,0.36895294342885476,4328.761281083057
OF-1,all four,391,54,0.4636935391652372,0.42514662538833786,12328.467394420659
MN-64,expression,391,54,0.4255002858776443,0.42458038064253834,4328.761281083057
MN-64,methylation,391,54,0.14412044978082714,0.19995219203640455,4328.761281083057
MN-64,mutation,391,54,0.14046121593291402,0.17495313760877662,4328.761281083057
MN-64,pathway,391,54,0.3710691823899371,0.42621009171747315,4328.761281083057
MN-64,expression+methylation,391,54,0.3607775871926815,0.3891125773712333,4328.761281083057
MN-64,all four,391,54,0.37419477796836287,0.40459314421452586,12328.467394420659
KRAS (G12C) Inhibitor-12,expression,391,54,0.6969696969696969,0.6483021537116123,1519.9110829529332
KRAS (G12C) Inhibitor-12,methylation,391,54,0.47108824089956153,0.5210513847151612,1519.9110829529332
KRAS (G12C) Inhibitor-12,mutation,391,54,0.02245092433771679,0.029507617641906972,1519.9110829529332
KRAS (G12C) Inhibitor-12,pathway,391,54,0.6708214217648178,0.6425458769630135,4328.761281083057
KRAS (G12C) Inhibitor-12,expression+methylation,391,54,0.6868305698494377,0.6577772745506117,1519.9110829529332
KRAS (G12C) Inhibitor-12,all four,391,54,0.7016962073565847,0.6705840477106713,4328.761281083057
MG-132,expression,428,54,0.543281875357347,0.5063105130638961,1519.9110829529332
MG-132,methylation,428,54,0.30627024966647604,0.2705313274675493,1519.9110829529332
MG-132,mutation,428,54,0.4252715837621498,0.32445354935860915,4328.761281083057
MG-132,pathway,428,54,0.4441776253097007,0.42047697833567554,4328.761281083057
MG-132,expression+methylation,428,54,0.49655040975795683,0.405566829053248,1519.9110829529332
MG-132,all four,428,54,0.4768057937869258,0.4330554594133431,4328.761281083057
Trametinib,expression,426,54,0.7308938441013912,0.7171730944537382,533.6699231206308
Trametinib,methylation,426,54,0.5507528111301695,0.5110494700200052,533.6699231206308
Trametinib,mutation,426,54,0.3118353344768438,0.22164498955368755,1519.9110829529332
Trametinib,pathway,426,54,0.6360587002096435,0.6652955968379487,1519.9110829529332
Trametinib,expression+methylation,426,54,0.725557461406518,0.7225921408586496,1519.9110829529332
Trametinib,all four,426,54,0.7332570992948351,0.7314396174023081,1519.9110829529332
Dabrafenib,expression,418,54,0.72883552506194,0.8097608584598732,1519.9110829529332
Dabrafenib,methylation,418,54,0.582694873260911,0.6432263290006885,533.6699231206308
Dabrafenib,mutation,418,54,0.28256146369353907,0.3417698403103375,1519.9110829529332
Dabrafenib,pathway,418,54,0.7346293119878025,0.7989663822514641,1519.9110829529332
Dabrafenib,expression+methylation,418,54,0.721974461597103,0.8199870738376023,1519.9110829529332
Dabrafenib,all four,418,54,0.7278444825614636,0.8183547239755623,1519.9110829529332
Temozolomide,expression,425,54,0.8424242424242423,0.8639596680751802,1519.9110829529332
Temozolomide,methylation,425,54,0.6583190394511148,0.7501100315208394,1519.9110829529332
Temozolomide,mutation,425,54,0.0634648370497427,0.11413937343471699,1519.9110829529332
Temozolomide,pathway,425,54,0.8441776253097008,0.8605877057164683,4328.761281083057
Temozolomide,expression+methylation,425,54,0.8088050314465408,0.8403105996976754,4328.761281083057
Temozolomide,all four,425,54,0.8206975414522583,0.8568895276095703,4328.761281083057
Bleomycin (50 uM),expression,343,40,0.49305816135084435,0.4975897192601385,1519.9110829529332
Bleomycin (50 uM),methylation,343,40,0.4904315196998124,0.41695406721307493,1519.9110829529332
Bleomycin (50 uM),mutation,343,40,0.25215759849906194,0.31111393866341824,1519.9110829529332
Bleomycin (50 uM),pathway,343,40,0.4885553470919326,0.4992003731619504,4328.761281083057
Bleomycin (50 uM),expression+methylation,343,40,0.5195121951219512,0.508893298463147,1519.9110829529332
Bleomycin (50 uM),all four,343,40,0.5022514071294559,0.5107121880894279,4328.761281083057
Venotoclax,expression,421,54,0.7039069944730321,0.7727300414667334,1519.9110829529332
Venotoclax,methylation,421,54,0.6508481036782923,0.7143942036328076,533.6699231206308
Venotoclax,mutation,421,54,0.22035448827901655,0.15660821203942463,1519.9110829529332
Venotoclax,pathway,421,54,0.6890413569658851,0.7574985342650992,1519.9110829529332
Venotoclax,expression+methylation,421,54,0.7059653135124833,0.7656896960386717,1519.9110829529332
Venotoclax,all four,421,54,0.6894987611968744,0.7744026973178683,4328.761281083057
ABT737,expression,420,54,0.5292548122736801,0.7114976932473046,1519.9110829529332
ABT737,methylation,420,54,0.406060606060606,0.49870623329512004,533.6699231206308
ABT737,mutation,420,54,-0.0713931770535544,-0.10208520607595784,12328.467394420659
ABT737,pathway,420,54,0.4367066895368782,0.6448550348431241,1519.9110829529332
ABT737,expression+methylation,420,54,0.5548694492090718,0.6974837952960738,1519.9110829529332
ABT737,all four,420,54,0.45652753954640746,0.6738435363683338,4328.761281083057
Afuresertib,expression,421,54,0.6718124642652943,0.6153010542882884,533.6699231206308
Afuresertib,methylation,421,54,0.37549075662283204,0.32671886361993996,1519.9110829529332
Afuresertib,mutation,421,54,0.13573470554602626,0.1664713719152436,1519.9110829529332
Afuresertib,pathway,421,54,0.5606632361349342,0.5372188737956287,1519.9110829529332
Afuresertib,expression+methylation,421,54,0.6339241471316942,0.5538784670190025,533.6699231206308
Afuresertib,all four,421,54,0.6138745950066704,0.5757338032158539,1519.9110829529332
AGI-5198,expression,421,54,0.654431103487707,0.6047399684389027,4328.761281083057
AGI-5198,methylation,421,54,0.5002858776443682,0.5137680477083397,1519.9110829529332
AGI-5198,mutation,421,54,0.0864875166761959,0.1009281865347955,4328.761281083057
AGI-5198,pathway,421,54,0.6292738707833047,0.5874742908184748,12328.467394420659
AGI-5198,expression+methylation,421,54,0.6349151896321706,0.6069002711149385,4328.761281083057
AGI-5198,all four,421,54,0.6542024013722126,0.5993808663113049,12328.467394420659
AZD3759,expression,425,54,0.3749571183533448,0.3415918242342485,1519.9110829529332
AZD3759,methylation,425,54,0.3708404802744425,0.3420396430904666,1519.9110829529332
AZD3759,mutation,425,54,0.053630646083476265,0.0875437172116677,1519.9110829529332
AZD3759,pathway,425,54,0.3873070325900514,0.31566556009775004,4328.761281083057
AZD3759,expression+methylation,425,54,0.3732037354678864,0.37520419619093504,1519.9110829529332
AZD3759,all four,425,54,0.41795311606632357,0.39620464558937574,4328.761281083057
AZD6738,expression,421,54,0.6718886983037925,0.6816588230897964,1519.9110829529332
AZD6738,methylation,421,54,0.5375643224699828,0.5358090701837643,1519.9110829529332
AZD6738,mutation,421,54,0.17804459691252142,0.18117261527377904,4328.761281083057
AZD6738,pathway,421,54,0.6366685725176291,0.6441184598485474,4328.761281083057
AZD6738,expression+methylation,421,54,0.6291976367448064,0.6396692294958294,1519.9110829529332
AZD6738,all four,421,54,0.677682485229655,0.6687877695904924,4328.761281083057
AZD8186,expression,421,54,0.19999999999999998,0.27509276915908354,533.6699231206308
AZD8186,methylation,421,54,0.2155517438536306,0.25193953610259756,1519.9110829529332
AZD8186,mutation,421,54,0.3421002477606251,0.3725131907414492,4328.761281083057
AZD8186,pathway,421,54,0.22081189251000566,0.2875448180702342,4328.761281083057
AZD8186,expression+methylation,421,54,0.24413950829045164,0.3170789040153385,1519.9110829529332
AZD8186,all four,421,54,0.3282256527539546,0.34668826590468704,4328.761281083057
Osimertinib,expression,420,54,0.4633123689727463,0.3867547805791607,1519.9110829529332
Osimertinib,methylation,420,54,0.3980560320182961,0.25999936690732195,1519.9110829529332
Osimertinib,mutation,420,54,0.293767867352773,0.33840002464058283,1519.9110829529332
Osimertinib,pathway,420,54,0.4285496474175719,0.3036727421096463,4328.761281083057
Osimertinib,expression+methylation,420,54,0.48778349533066506,0.3757148364375671,4328.761281083057
Osimertinib,all four,420,54,0.4895368782161234,0.37854088590620794,4328.761281083057
Cediranib,expression,421,54,0.4184867543358109,0.45532139858522747,1519.9110829529332
Cediranib,methylation,421,54,0.3222793977510958,0.331795891416105,4328.761281083057
Cediranib,mutation,421,54,0.3824280541261673,0.33435354075400037,4328.761281083057
Cediranib,pathway,421,54,0.38776443682104056,0.4246221437308184,12328.467394420659
Cediranib,expression+methylation,421,54,0.3404230989136649,0.3680788090216404,1519.9110829529332
Cediranib,all four,421,54,0.4107871164474937,0.45711506841842164,4328.761281083057
Ipatasertib,expression,421,54,0.5435868115113397,0.5084761154486931,533.6699231206308
Ipatasertib,methylation,421,54,0.3976748618258052,0.26078370393262673,1519.9110829529332
Ipatasertib,mutation,421,54,0.3107680579378692,0.30854642612799305,1519.9110829529332
Ipatasertib,pathway,421,54,0.44044215742328946,0.4136507176797675,1519.9110829529332
Ipatasertib,expression+methylation,421,54,0.5724795121021535,0.45261215370962743,1519.9110829529332
Ipatasertib,all four,421,54,0.5433581093958452,0.5011275166392867,1519.9110829529332
GDC0810,expression,421,54,0.6327044025157232,0.5808727912342593,4328.761281083057
GDC0810,methylation,421,54,0.4387650085763292,0.46384604914168537,1519.9110829529332
GDC0810,mutation,421,54,0.0598818372403278,0.07995404504870324,4328.761281083057
GDC0810,pathway,421,54,0.6310272536687631,0.5891212164404535,12328.467394420659
GDC0810,expression+methylation,421,54,0.5703449590242042,0.569619355367777,4328.761281083057
GDC0810,all four,421,54,0.633847913093196,0.5945225689667656,12328.467394420659
GNE-317,expression,411,54,0.3087859729369163,0.39439960145571884,4328.761281083057
GNE-317,methylation,411,54,0.20182961692395654,0.19053260684005796,1519.9110829529332
GNE-317,mutation,411,54,0.26906803887935965,0.13440153954550765,12328.467394420659
GNE-317,pathway,411,54,0.2935391652372784,0.29965655329788693,12328.467394420659
GNE-317,expression+methylation,411,54,0.2822565275395464,0.33643286043443954,4328.761281083057
GNE-317,all four,411,54,0.32151705736611397,0.3187178249152125,12328.467394420659
GSK2578215A,expression,421,54,0.6634267200304935,0.6242354231399044,1519.9110829529332
GSK2578215A,methylation,421,54,0.5252906422717744,0.47154953509536995,1519.9110829529332
GSK2578215A,mutation,421,54,0.25847150752811127,0.2855092277993274,4328.761281083057
GSK2578215A,pathway,421,54,0.5330665141985896,0.5448234204813982,12328.467394420659
GSK2578215A,expression+methylation,421,54,0.608538212311797,0.574781138858065,4328.761281083057
GSK2578215A,all four,421,54,0.6103678292357537,0.5825026355686924,12328.467394420659
I-BRD9,expression,421,54,0.7664189060415474,0.782876964964877,1519.9110829529332
I-BRD9,methylation,421,54,0.5884124261482752,0.6349444140290861,1519.9110829529332
I-BRD9,mutation,421,54,0.2935391652372784,0.3366799989620787,1519.9110829529332
I-BRD9,pathway,421,54,0.6939965694682675,0.7647037382181135,12328.467394420659
I-BRD9,expression+methylation,421,54,0.7171717171717171,0.7529533972655605,4328.761281083057
I-BRD9,all four,421,54,0.7334095673718315,0.7723572038557898,12328.467394420659
Telomerase Inhibitor IX,expression,421,54,0.6168477225080998,0.6000341580039752,1519.9110829529332
Telomerase Inhibitor IX,methylation,421,54,0.38555364970459305,0.3814890401494041,1519.9110829529332
Telomerase Inhibitor IX,mutation,421,54,0.4540118162759672,0.48229932642039186,1519.9110829529332
Telomerase Inhibitor IX,pathway,421,54,0.541680960548885,0.5568163454234933,4328.761281083057
Telomerase Inhibitor IX,expression+methylation,421,54,0.5640175338288546,0.5535434555652612,1519.9110829529332
Telomerase Inhibitor IX,all four,421,54,0.5939775109586429,0.5994753597185578,4328.761281083057
MIRA-1,expression,425,54,0.8143701162569086,0.8685561759242453,1519.9110829529332
MIRA-1,methylation,425,54,0.6745568896512292,0.8086843408309075,1519.9110829529332
MIRA-1,mutation,425,54,0.25199161425576516,0.29401072028664166,1519.9110829529332
MIRA-1,pathway,425,54,0.7987421383647798,0.8475793549844638,1519.9110829529332
MIRA-1,expression+methylation,425,54,0.7731275014293881,0.8589257596793775,1519.9110829529332
MIRA-1,all four,425,54,0.8248141795311605,0.8708003239491593,4328.761281083057
NVP-ADW742,expression,421,54,0.5821612349914236,0.494182619413446,1519.9110829529332
NVP-ADW742,methylation,421,54,0.3664951400800457,0.32404997338578523,1519.9110829529332
NVP-ADW742,mutation,421,54,0.06415094339622641,0.14124864762088704,1519.9110829529332
NVP-ADW742,pathway,421,54,0.632246998284734,0.5791261723917545,12328.467394420659
NVP-ADW742,expression+methylation,421,54,0.4809986659043263,0.4242554804819634,1519.9110829529332
NVP-ADW742,all four,421,54,0.5655422145988184,0.5297135686625065,4328.761281083057
P22077,expression,421,54,0.7649704593100819,0.7597005424755239,1519.9110829529332
P22077,methylation,421,54,0.6130360205831904,0.6166810516633874,1519.9110829529332
P22077,mutation,421,54,0.022908328568705928,0.10945169755046039,4328.761281083057
P22077,pathway,421,54,0.7523156089193824,0.7553668056745746,4328.761281083057
P22077,expression+methylation,421,54,0.7345530779493042,0.7454414613470888,1519.9110829529332
P22077,all four,421,54,0.7732799695063844,0.7588580570804627,12328.467394420659
Savolitinib,expression,421,54,0.6744806556127311,0.6121036763856986,4328.761281083057
Savolitinib,methylation,421,54,0.3748808843148465,0.53228441825635,4328.761281083057
Savolitinib,mutation,421,54,0.1307032590051458,0.10243783384503222,4328.761281083057
Savolitinib,pathway,421,54,0.5890222984562605,0.5696079624443406,12328.467394420659
Savolitinib,expression+methylation,421,54,0.6411663807890222,0.6106783348119087,4328.761281083057
Savolitinib,all four,421,54,0.593215170573661,0.584174222452635,35111.917342151275
UMI-77,expression,345,41,0.5085365853658538,0.4670571128071233,1519.9110829529332
UMI-77,methylation,345,41,0.6331010452961674,0.47015341277633615,1519.9110829529332
UMI-77,mutation,345,41,-0.08623693379790942,0.12269256770288432,4328.761281083057
UMI-77,pathway,345,41,0.4266550522648085,0.40828809133682736,4328.761281083057
UMI-77,expression+methylation,345,41,0.5083623693379792,0.4836508330889262,1519.9110829529332
UMI-77,all four,345,41,0.47508710801393733,0.45653267856545976,4328.761281083057
WIKI4,expression,420,54,0.4054507337526205,0.35540682936254203,4328.761281083057
WIKI4,methylation,420,54,0.18879359634076615,0.1778467149370181,4328.761281083057
WIKI4,mutation,420,54,0.10996760053363826,0.14847333898872223,100000.0
WIKI4,pathway,420,54,0.449514008004574,0.41693555694504986,4328.761281083057
WIKI4,expression+methylation,420,54,0.3345530779493044,0.32612290463918286,12328.467394420659
WIKI4,all four,420,54,0.44585477415666086,0.39709192983632924,12328.467394420659
Sepantronium bromide,expression,421,54,0.5659233847913093,0.5168460638482859,533.6699231206308
Sepantronium bromide,methylation,421,54,0.40712788259958066,0.32975662411328266,1519.9110829529332
Sepantronium bromide,mutation,421,54,-0.08046502763483894,-0.0407957078142741,12328.467394420659
Sepantronium bromide,pathway,421,54,0.4457785401181627,0.4121056781697139,1519.9110829529332
Sepantronium bromide,expression+methylation,421,54,0.5456451305507909,0.4757638811031751,1519.9110829529332
Sepantronium bromide,all four,421,54,0.5631789594053744,0.4989761068669781,1519.9110829529332
WEHI-539,expression,421,54,0.5422908328568704,0.6246334447551448,1519.9110829529332
WEHI-539,methylation,421,54,0.3866971602820659,0.5542472788902753,1519.9110829529332
WEHI-539,mutation,421,54,0.19961882980750903,0.13692438430007906,4328.761281083057
WEHI-539,pathway,421,54,0.4226033924147131,0.46544750603224244,1519.9110829529332
WEHI-539,expression+methylation,421,54,0.623403849818944,0.6814012503143068,1519.9110829529332
WEHI-539,all four,421,54,0.4995235372593862,0.5957319214841403,1519.9110829529332
SN-38,expression,419,52,0.6618287373004353,0.5651287180878176,4328.761281083057
SN-38,methylation,419,52,0.5388030393579782,0.44790331273446937,1519.9110829529332
SN-38,mutation,419,52,0.0623239136002732,0.0703337653282502,4328.761281083057
SN-38,pathway,419,52,0.6356185434986766,0.5623093604843558,12328.467394420659
SN-38,expression+methylation,419,52,0.634850166481687,0.5452726095303133,4328.761281083057
SN-38,all four,419,52,0.6355331682745667,0.5591013101289473,12328.467394420659
Bicalutamide,expression,81,14,0.7538461538461538,0.8219723986269089,1519.9110829529332
Bicalutamide,methylation,81,14,0.3142857142857143,0.22573894667307273,533.6699231206308
Bicalutamide,mutation,81,14,-0.1956043956043956,0.07185041663293688,100000.0
Bicalutamide,pathway,81,14,0.7318681318681319,0.8337051446705346,4328.761281083057
Bicalutamide,expression+methylation,81,14,0.7274725274725276,0.8116253428849948,1519.9110829529332
Bicalutamide,all four,81,14,0.7054945054945055,0.8205266978846695,4328.761281083057
Ruxolitinib,expression,396,54,0.8291595197255573,0.7798684104557421,1519.9110829529332
Ruxolitinib,methylation,396,54,0.6264532113588716,0.6429299140093921,1519.9110829529332
Ruxolitinib,mutation,396,54,0.14168096054888507,0.12301291628997196,1519.9110829529332
Ruxolitinib,pathway,396,54,0.8143701162569086,0.7727686730511485,4328.761281083057
Ruxolitinib,expression+methylation,396,54,0.778311416047265,0.7723984845335174,1519.9110829529332
Ruxolitinib,all four,396,54,0.7969125214408231,0.7717281620729712,4328.761281083057
Linsitinib,expression,426,54,0.5829998094149036,0.5112528842294626,533.6699231206308
Linsitinib,methylation,426,54,0.38852677720602247,0.39459805456091923,1519.9110829529332
Linsitinib,mutation,426,54,0.2942252715837621,0.3680669937299961,4328.761281083057
Linsitinib,pathway,426,54,0.6160853821231179,0.5442936861573981,1519.9110829529332
Linsitinib,expression+methylation,426,54,0.590775681341719,0.5199575667652145,1519.9110829529332
Linsitinib,all four,426,54,0.6713550600343052,0.5930296090563052,1519.9110829529332
Epirubicin,expression,421,54,0.7238803125595578,0.6715456456432004,1519.9110829529332
Epirubicin,methylation,421,54,0.6189060415475509,0.5935364055743471,1519.9110829529332
Epirubicin,mutation,421,54,0.24139508290451683,0.15049358164987556,1519.9110829529332
Epirubicin,pathway,421,54,0.7353916523727844,0.6790265642999789,4328.761281083057
Epirubicin,expression+methylation,421,54,0.6982656756241661,0.6576293849886863,1519.9110829529332
Epirubicin,all four,421,54,0.7134362492853058,0.6617094845183481,4328.761281083057
Cyclophosphamide,expression,421,54,0.6155517438536307,0.5916114911005069,1519.9110829529332
Cyclophosphamide,methylation,421,54,0.48465789975223933,0.507401308083678,1519.9110829529332
Cyclophosphamide,mutation,421,54,0.11804840861444633,0.14279577053925305,1519.9110829529332
Cyclophosphamide,pathway,421,54,0.6186773394320563,0.5986950673927498,4328.761281083057
Cyclophosphamide,expression+methylation,421,54,0.5636363636363636,0.5665398319088362,4328.761281083057
Cyclophosphamide,all four,421,54,0.6352201257861635,0.6137679524720432,4328.761281083057
Camptothecin,expression,427,54,0.7013912712025919,0.6996061951822479,1519.9110829529332
Camptothecin,methylation,427,54,0.6473413379073756,0.6020382393526365,1519.9110829529332
Camptothecin,mutation,427,54,0.16821040594625497,0.2552578282319965,1519.9110829529332
Camptothecin,pathway,427,54,0.743319992376596,0.7294576678475224,4328.761281083057
Camptothecin,expression+methylation,427,54,0.7127501429388221,0.6884905473115142,1519.9110829529332
Camptothecin,all four,427,54,0.7282256527539546,0.7213132318620704,4328.761281083057
Vinblastine,expression,343,41,0.6782229965156795,0.6072662953707921,1519.9110829529332
Vinblastine,methylation,343,41,0.48379790940766554,0.39784515991534436,1519.9110829529332
Vinblastine,mutation,343,41,0.20278745644599308,0.29601367961382674,1519.9110829529332
Vinblastine,pathway,343,41,0.6134146341463416,0.5606055972469386,4328.761281083057
Vinblastine,expression+methylation,343,41,0.625261324041812,0.5275086905342287,1519.9110829529332
Vinblastine,all four,343,41,0.6540069686411152,0.588292781163688,1519.9110829529332
Cisplatin,expression,355,41,0.6665505226480837,0.6569248849944986,533.6699231206308
Cisplatin,methylation,355,41,0.645644599303136,0.6524763071074967,1519.9110829529332
Cisplatin,mutation,355,41,0.19442508710801398,0.23683591365351359,1519.9110829529332
Cisplatin,pathway,355,41,0.712891986062718,0.718070929607612,1519.9110829529332
Cisplatin,expression+methylation,355,41,0.6766550522648086,0.6731766397401644,533.6699231206308
Cisplatin,all four,355,41,0.7263066202090593,0.7021314823936681,1519.9110829529332
Cytarabine,expression,345,41,0.7611498257839723,0.8215570701061918,1519.9110829529332
Cytarabine,methylation,345,41,0.538850174216028,0.6713977965503191,1519.9110829529332
Cytarabine,mutation,345,41,0.06585365853658538,0.09894767685994678,1519.9110829529332
Cytarabine,pathway,345,41,0.7060975609756098,0.8126788135590742,1519.9110829529332
Cytarabine,expression+methylation,345,41,0.6839721254355402,0.7877332015452927,1519.9110829529332
Cytarabine,all four,345,41,0.7000000000000002,0.7989026453903572,4328.761281083057
Docetaxel,expression,426,54,0.5919954259576902,0.54872423817431,1519.9110829529332
Docetaxel,methylation,426,54,0.39797979797979793,0.36530205018254613,1519.9110829529332
Docetaxel,mutation,426,54,0.16653325709929478,0.1455334194134335,4328.761281083057
Docetaxel,pathway,426,54,0.4928911759100438,0.4624914289891291,4328.761281083057
Docetaxel,expression+methylation,426,54,0.5495330665141985,0.4828630073653622,1519.9110829529332
Docetaxel,all four,426,54,0.5246807699637888,0.4842342376583355,4328.761281083057
Methotrexate,expression,390,50,0.18924369747899158,0.1646801950742467,1519.9110829529332
Methotrexate,methylation,390,50,-0.07092436974789915,-0.052958123566643714,4328.761281083057
Methotrexate,mutation,390,50,-0.14823529411764705,-0.23079280539840014,4328.761281083057
Methotrexate,pathway,390,50,0.26319327731092435,0.25551358339437,4328.761281083057
Methotrexate,expression+methylation,390,50,0.127875150060024,0.128912972608693,4328.761281083057
Methotrexate,all four,390,50,0.1440096038415366,0.14488109090784712,12328.467394420659
Tretinoin,expression,81,14,0.7010989010989012,0.5994639597908598,533.6699231206308
Tretinoin,methylation,81,14,0.4945054945054946,0.39949387965344024,1519.9110829529332
Tretinoin,mutation,81,14,0.47252747252747257,0.3530385438758783,100000.0
Tretinoin,pathway,81,14,0.6087912087912088,0.6211980986172705,4328.761281083057
Tretinoin,expression+methylation,81,14,0.7098901098901099,0.6209541629598827,1519.9110829529332
Tretinoin,all four,81,14,0.6879120879120879,0.651617912547938,4328.761281083057
Gefitinib,expression,421,54,0.3398894606441776,0.30724393852707366,1519.9110829529332
Gefitinib,methylation,421,54,0.4371640937678673,0.34067120821231267,533.6699231206308
Gefitinib,mutation,421,54,0.16554221459881835,0.23545286490434916,1519.9110829529332
Gefitinib,pathway,421,54,0.34514960930055266,0.27103904197739653,4328.761281083057
Gefitinib,expression+methylation,421,54,0.4086525633695445,0.3486976494735834,1519.9110829529332
Gefitinib,all four,421,54,0.4354107108824089,0.38091728900903554,4328.761281083057
Navitoclax,expression,426,54,0.5576901086335048,0.6578604430823867,1519.9110829529332
Navitoclax,methylation,426,54,0.2987230798551553,0.4306344892969385,533.6699231206308
Navitoclax,mutation,426,54,0.1176672384219554,0.10608379797141837,100000.0
Navitoclax,pathway,426,54,0.4629311987802553,0.5764376480942007,1519.9110829529332
Navitoclax,expression+methylation,426,54,0.5669144272917856,0.6356834481112406,1519.9110829529332
Navitoclax,all four,426,54,0.49190013340956734,0.6164385151707197,4328.761281083057
Vorinostat,expression,422,54,0.7545263960358299,0.7528583590609328,1519.9110829529332
Vorinostat,methylation,422,54,0.5625690870973888,0.6265920939018138,1519.9110829529332
Vorinostat,mutation,422,54,0.09052792071659996,0.1233809125365997,1519.9110829529332
Vorinostat,pathway,422,54,0.7478940346864874,0.7481276847521892,4328.761281083057
Vorinostat,expression+methylation,422,54,0.7217457594816085,0.73577541959072,1519.9110829529332
Vorinostat,all four,422,54,0.7641318848866018,0.7612216469308947,4328.761281083057
Nilotinib,expression,419,54,0.5736230226796263,0.6527529798834815,533.6699231206308
Nilotinib,methylation,419,54,0.5355822374690299,0.4670857068062171,1519.9110829529332
Nilotinib,mutation,419,54,0.21387459500667044,0.08553971518744408,12328.467394420659
Nilotinib,pathway,419,54,0.5963407661520869,0.6568797605249037,1519.9110829529332
Nilotinib,expression+methylation,419,54,0.6205831903945112,0.6579970454388366,1519.9110829529332
Nilotinib,all four,419,54,0.6317895940537449,0.6659604825169418,4328.761281083057
Refametinib,expression,418,53,0.5728914691178841,0.5706555323898583,533.6699231206308
Refametinib,methylation,418,53,0.4750040316078052,0.42376591089666216,1519.9110829529332
Refametinib,mutation,418,53,0.1442509272697952,0.16243748332235033,1519.9110829529332
Refametinib,pathway,418,53,0.4821802935010482,0.5146528997135309,1519.9110829529332
Refametinib,expression+methylation,418,53,0.6450572488308338,0.6270892569590949,1519.9110829529332
Refametinib,all four,418,53,0.5911143363973552,0.5839037002692566,1519.9110829529332
Temsirolimus,expression,413,50,0.5247058823529411,0.48083453696098377,1519.9110829529332
Temsirolimus,methylation,413,50,0.5686914765906362,0.48246671364313376,4328.761281083057
Temsirolimus,mutation,413,50,0.11817527010804323,0.09948898811998458,1519.9110829529332
Temsirolimus,pathway,413,50,0.4159903961584634,0.4299000153189204,4328.761281083057
Temsirolimus,expression+methylation,413,50,0.5813685474189676,0.5032968000574566,4328.761281083057
Temsirolimus,all four,413,50,0.48177671068427363,0.4579313612718619,4328.761281083057
Olaparib,expression,426,54,0.7686296931579949,0.812204864745875,1519.9110829529332
Olaparib,methylation,426,54,0.664036592338479,0.7517378193000386,1519.9110829529332
Olaparib,mutation,426,54,0.21966838193253282,0.1979622573360848,1519.9110829529332
Olaparib,pathway,426,54,0.7584905660377358,0.8226521729388191,4328.761281083057
Olaparib,expression+methylation,426,54,0.7500285877644367,0.8172211048019125,1519.9110829529332
Olaparib,all four,426,54,0.7544501619973317,0.8222434748636699,4328.761281083057
Veliparib,expression,420,53,0.7350427350427351,0.7253945977384543,1519.9110829529332
Veliparib,methylation,420,53,0.6374778261570715,0.6981188333868364,1519.9110829529332
Veliparib,mutation,420,53,0.2672955974842767,0.28685265046652975,1519.9110829529332
Veliparib,pathway,420,53,0.7296403805837768,0.7376689182107367,4328.761281083057
Veliparib,expression+methylation,420,53,0.7078696984357362,0.7251111448729586,4328.761281083057
Veliparib,all four,420,53,0.7294791162715689,0.7456860822776529,4328.761281083057
Bosutinib,expression,420,53,0.5212868892114174,0.713846408144175,1519.9110829529332
Bosutinib,methylation,420,53,0.5711981938397032,0.5872971556443043,1519.9110829529332
Bosutinib,mutation,420,53,-0.13449443638122882,0.013357632882621373,1519.9110829529332
Bosutinib,pathway,420,53,0.5766811804547652,0.6687118991151033,1519.9110829529332
Bosutinib,expression+methylation,420,53,0.5224157393968715,0.7163964125514338,1519.9110829529332
Bosutinib,all four,420,53,0.5674084825028222,0.7053022837846737,1519.9110829529332
Lenalidomide,expression,420,53,0.7019029188840509,0.7196827638652217,1519.9110829529332
Lenalidomide,methylation,420,53,0.4924205773262377,0.5777460917193554,1519.9110829529332
Lenalidomide,mutation,420,53,0.16860183841315918,0.27974349586156744,1519.9110829529332
Lenalidomide,pathway,420,53,0.722302854378326,0.7212271880335515,4328.761281083057
Lenalidomide,expression+methylation,420,53,0.6430414449282373,0.6849168636156941,1519.9110829529332
Lenalidomide,all four,420,53,0.6672310917593935,0.7087295540284247,4328.761281083057
Axitinib,expression,422,54,0.7414903754526395,0.7546372951215525,533.6699231206308
Axitinib,methylation,422,54,0.5591385553649704,0.6058443687807834,1519.9110829529332
Axitinib,mutation,422,54,0.0787116447493806,0.1200253912402465,1519.9110829529332
Axitinib,pathway,422,54,0.7000190585096244,0.7279712986040401,4328.761281083057
Axitinib,expression+methylation,422,54,0.6927005908137982,0.7314847954637415,1519.9110829529332
Axitinib,all four,422,54,0.6836287402325136,0.7272502076569528,4328.761281083057
AZD7762,expression,424,54,0.6192872117400419,0.7093244568767749,1519.9110829529332
AZD7762,methylation,424,54,0.49868496283590613,0.5752374167000383,1519.9110829529332
AZD7762,mutation,424,54,0.1976367448065561,0.21689551054941014,1519.9110829529332
AZD7762,pathway,424,54,0.616161616161616,0.7114466898966446,1519.9110829529332
AZD7762,expression+methylation,424,54,0.5782732990280158,0.6783293487540847,1519.9110829529332
AZD7762,all four,424,54,0.6361349342481416,0.720868550396286,4328.761281083057
GW441756,expression,420,54,0.5154564513055078,0.5442940355674287,1519.9110829529332
GW441756,methylation,420,54,0.3435486944920907,0.33099342675776,1519.9110829529332
GW441756,mutation,420,54,0.004002287021154945,0.001965524965471012,4328.761281083057
GW441756,pathway,420,54,0.5347436630455498,0.5594219080633274,12328.467394420659
GW441756,expression+methylation,420,54,0.4313703068420049,0.47059143101126893,1519.9110829529332
GW441756,all four,420,54,0.5504478749761768,0.5518995899836878,12328.467394420659
