,pc1,pc2,split,modality
ACH-000680,-1.6021742309093299,-1.7160910009207815,train,methylation
ACH-000849,-2.0282426424529034,-0.8457704956017944,train,methylation
ACH-000816,-9.422125991751885,0.8122843819219192,train,methylation
ACH-000315,14.109593305573654,-10.07497594662505,train,methylation
ACH-000380,6.557517779474773,-11.609906106422603,train,methylation
ACH-000970,5.571890847446248,-9.608182411559467,train,methylation
ACH-000716,-2.0634843227682724,-2.2747401647847005,train,methylation
ACH-001190,-7.426874781810677,-0.37261738477633594,train,methylation
ACH-000470,1.9026755445947245,-2.911540480460504,train,methylation
ACH-000792,0.17783829950900562,2.1504510312778624,train,methylation
ACH-000147,-3.8588938783373763,1.0945824991354198,train,methylation
ACH-000740,7.137042271578927,5.8630972323953445,train,methylation
ACH-000636,29.927632441370278,9.82568448493896,train,methylation
ACH-000371,36.24493074576208,14.099260074790562,train,methylation
ACH-000999,-7.033939980584846,-0.3631902807295188,train,methylation
ACH-000323,-1.8836851190127202,-2.1682303149679614,train,methylation
ACH-000859,4.260697664878013,7.234210013400122,train,methylation
ACH-000441,-2.2410363026666644,-2.376866144088785,train,methylation
ACH-000254,-2.2587857731888215,-0.03922916104562983,train,methylation
ACH-000730,-7.118936351831048,0.5182794559231705,train,methylation
ACH-000733,0.2601246146986668,-2.3110516247001747,train,methylation
ACH-000981,21.138739054181347,-10.269269277415205,train,methylation
ACH-000330,-3.6919031454642663,-4.102094332899572,train,methylation
ACH-000818,-4.982598304295848,-2.4114459268299573,train,methylation
ACH-000694,-1.817620704146414,-1.2615593826122615,train,methylation
ACH-000573,-4.85231649764797,0.5908431883950539,train,methylation
ACH-000906,-3.63518364153577,-3.2884396692873223,train,methylation
ACH-000953,19.252085963150908,-11.5560044964119,train,methylation
ACH-000793,-0.2382734092962308,-8.088266696442602,train,methylation
ACH-000815,17.71890543845052,-10.45111792305224,train,methylation
ACH-000055,-5.499033068676646,-0.8349547922281214,train,methylation
ACH-000708,-3.0110109477974114,-0.7619946814689419,train,methylation
ACH-000120,-6.468396030688995,2.626544413676138,train,methylation
ACH-000766,-6.337995837289452,-1.1480295335403183,train,methylation
ACH-000527,-3.6426278822225333,-1.7270833820436005,train,methylation
ACH-000704,-3.20151424345728,-2.255685603068785,train,methylation
ACH-000881,-4.852345964681981,-2.289921878769303,train,methylation
ACH-000714,3.490754082959647,-6.056706631175908,train,methylation
ACH-000065,1.4301360763699906,-3.4992740625109726,train,methylation
ACH-000548,-1.1004759323304054,-0.05122396303738737,train,methylation
ACH-000099,-7.435753756015309,0.7264157811421024,train,methylation
ACH-000656,37.11542957261812,-3.1913458171657747,train,methylation
ACH-000610,-8.327174618876846,2.737732651634845,train,methylation
ACH-000585,-5.279047691766015,0.6985026066253014,train,methylation
ACH-000605,-0.05379067075801598,-2.7543869324081323,train,methylation
ACH-000258,0.2836197954638418,-7.508854049265456,train,methylation
ACH-000536,2.7091488794371514,-6.470248294444891,train,methylation
ACH-000697,-3.398756711696089,-3.1903092117607277,train,methylation
ACH-000075,-3.376082005563662,-0.5560703974959874,train,methylation
ACH-000235,-0.8193083349615653,-3.3139986707369964,train,methylation
ACH-000948,3.3125298348475014,3.8350121006272158,train,methylation
ACH-000725,-6.421010075173648,-1.6733896776708679,train,methylation
ACH-000929,-3.136537396516331,1.8165147308998328,train,methylation
ACH-000121,-7.503952471619434,-1.3524355037389835,train,methylation
ACH-000447,2.7709463237332184,9.05711881674664,train,methylation
ACH-000062,-8.670703894426243,1.3610380550010808,train,methylation
ACH-000052,-6.7730739207783435,0.7244206145563117,train,methylation
ACH-000417,0.4640982538122708,-6.202660425004539,train,methylation
ACH-000142,-8.365781235837947,-0.9853493566592196,train,methylation
ACH-000438,-0.7188212121340658,-5.7891268325533405,train,methylation
ACH-000790,-1.677701309100547,-1.4431878706885912,train,methylation
ACH-000843,-0.09001025584507072,6.262364499791474,train,methylation
ACH-000361,-5.343581957317635,-2.402159762060535,train,methylation
ACH-000196,-6.218799283131082,-0.11976929213875358,train,methylation
ACH-000364,-1.4541438269857792,-2.4200655984150496,train,methylation
ACH-000783,-3.067624979134553,-4.705583202970512,train,methylation
ACH-000061,12.98448612191391,-11.794110280895183,train,methylation
ACH-000518,-2.1613298435160737,-2.2045977661810494,train,methylation
ACH-000684,-5.8417511776259605,-1.0247287001386454,train,methylation
ACH-000966,-6.370829725740644,-1.7914880814750882,train,methylation
ACH-000009,-0.11239323920071334,-0.0008156327996059446,train,methylation
ACH-000242,-3.4090783844383585,0.28176048906025736,train,methylation
ACH-000105,28.919823088894677,-18.406265412717236,train,methylation
ACH-000920,27.285719734478242,9.03759296100378,train,methylation
ACH-000599,2.7711142371987445,-6.308478853280732,train,methylation
ACH-000050,-2.6187750163406407,-3.627949122634714,train,methylation
ACH-000963,-4.396957620654487,-4.133370147081804,train,methylation
ACH-000876,-6.540814277946291,4.202443914005468,train,methylation
ACH-000007,4.54595846973135,-2.3523316537588754,train,methylation
ACH-000911,-3.25091202515328,-4.163926209618859,train,methylation
ACH-000596,-0.39540243912416917,-2.8907017533024146,train,methylation
ACH-000132,-8.750527687148413,-0.8587217820110661,train,methylation
ACH-000227,-5.832289124642183,3.7193165763227873,train,methylation
ACH-000681,1.855074832007604,10.922922870479233,train,methylation
ACH-000882,-3.9321720046849413,0.09408722897878852,train,methylation
ACH-000073,4.219205982848972,6.138563754780921,train,methylation
ACH-000432,25.823500192804534,-14.144944127573199,train,methylation
ACH-000386,-4.194593507108304,-0.8556104856535652,train,methylation
ACH-000067,-10.581783474433541,0.4252566550130315,train,methylation
ACH-000018,-0.5595421437416083,3.4602091800079617,train,methylation
ACH-000365,29.38138203433783,13.427657040975596,train,methylation
ACH-000945,-0.06911767170257678,-4.614240640027186,train,methylation
ACH-000225,0.4317853349683237,10.643742749155113,train,methylation
ACH-000091,-7.017887085386775,0.4715621280191021,train,methylation
ACH-000334,15.247744337892875,-11.114904319438832,train,methylation
ACH-000969,2.376758247856576,-10.033357606806053,train,methylation
ACH-000244,5.544673902982536,13.153772374159242,train,methylation
ACH-000236,-2.2067613291959156,-2.4759743071276006,train,methylation
ACH-000665,-8.015646269026997,-0.18979788517467774,train,methylation
ACH-000401,-6.287319658529327,1.6704191216042372,train,methylation
ACH-000359,-4.336195922001536,-0.2189444086423126,train,methylation
ACH-000434,-2.796061008434364,-1.7845160492367338,train,methylation
ACH-000775,-6.83730639048927,-0.6312874962353521,train,methylation
ACH-000303,-1.2818341608384376,-1.8870555188257996,train,methylation
ACH-000383,10.888794051264888,2.455108323385087,train,methylation
ACH-000786,38.90226488986836,-6.806188117296666,train,methylation
ACH-000805,-6.401664591107122,-1.5537726300115744,train,methylation
ACH-000452,-2.5695820718351543,2.1329199346639363,train,methylation
ACH-000968,-5.9010234600548666,-1.828048475870806,train,methylation
ACH-000504,-5.834566782265753,-2.220478913922158,train,methylation
ACH-000932,6.253949198302682,-7.459532379994016,train,methylation
ACH-000295,3.4526564110675833,-7.159565110559415,train,methylation
ACH-000780,-4.990878924562944,-3.045223668734761,train,methylation
ACH-000144,-5.568240732604917,0.7525637868459166,train,methylation
ACH-000486,-8.210995392444998,-2.382503490749757,train,methylation
ACH-000351,-3.3107297097588684,-0.4065709157912184,train,methylation
ACH-000375,-2.66597112551302,3.463979388213574,train,methylation
ACH-000579,-5.868255856079537,1.1846024354067568,train,methylation
ACH-000826,5.58598539848092,10.004165717138628,train,methylation
ACH-000489,-2.606015553510617,-3.5605603716522145,train,methylation
ACH-000381,-4.253757337588782,-0.37676268253865225,train,methylation
ACH-000169,-1.9273298579209184,2.359637316746322,train,methylation
ACH-000226,18.093289213266562,1.0599523773959263,train,methylation
ACH-000551,-8.135934525318667,-0.28123332077106883,train,methylation
ACH-000304,-5.711806102508484,-0.11085005497703318,train,methylation
ACH-000189,-5.324090359763294,0.026068117562309694,train,methylation
ACH-000322,-4.483032407079593,-1.4147172185247952,train,methylation
ACH-000506,-9.064044167417608,-0.13603838417786945,train,methylation
ACH-000825,-2.718142119666021,-6.0015022506405105,train,methylation
ACH-000546,-2.9304018184283422,-3.821520941492809,train,methylation
ACH-000759,-2.6095111313961596,-2.1749901107013043,train,methylation
ACH-000174,-3.671177477328031,-2.448218480703832,train,methylation
ACH-000218,14.665061212295809,-14.091168575591587,train,methylation
ACH-000348,-9.78360103035598,0.021553441321710533,train,methylation
ACH-000346,-4.9696932659983535,-4.423341484376429,train,methylation
ACH-000394,-8.567324705614077,0.029505265278484544,train,methylation
ACH-000867,-5.162320022455208,-2.6708912534410776,train,methylation
ACH-000155,-2.895830964495364,-3.411467940477517,train,methylation
ACH-000663,-0.5383884106226453,-5.1254748831888435,train,methylation
ACH-000532,-4.553793416372401,-5.342196870343733,train,methylation
ACH-000973,9.124936077866558,9.242504552858895,train,methylation
ACH-000245,16.657582116726957,-13.881325551718815,train,methylation
ACH-000611,7.676203629849995,-6.527479910620414,train,methylation
ACH-000647,2.507206464474722,-3.700104326976846,train,methylation
ACH-000555,10.461097406816483,5.404515309375153,train,methylation
ACH-000755,-4.366694116508892,-1.767124864708243,train,methylation
ACH-001307,-6.0157187976132915,-0.21257145096517135,train,methylation
ACH-000778,0.8261440116646038,1.0103209654503609,train,methylation
ACH-000558,4.328988572437883,-2.292201457776165,train,methylation
ACH-000852,-10.650194100912842,0.12154480805529227,train,methylation
ACH-000639,-8.329307293499264,1.247626811010449,train,methylation
ACH-000811,-5.223440075045567,0.6788319410662502,train,methylation
ACH-000595,-3.987022462815011,-2.4747436446119924,train,methylation
ACH-000090,-4.782837272296948,-0.5844685839534435,train,methylation
ACH-000292,-7.95362793070775,0.29413445637590596,train,methylation
ACH-000496,-8.213932569198736,-1.1208369045702768,train,methylation
ACH-000985,5.769771934478883,-9.090968399240687,train,methylation
ACH-000129,-0.5003333409955437,-3.3857963494602337,train,methylation
ACH-000228,12.444688861079957,30.179500767683468,train,methylation
ACH-000568,-4.491498221780414,-2.367411724045884,train,methylation
ACH-000574,-5.363223579482711,0.7707828864475093,train,methylation
ACH-000521,-2.8439844675200248,1.2957861184931982,train,methylation
ACH-000770,6.900824215461238,-4.2875415212289685,train,methylation
ACH-000318,-6.218812878177698,0.7507399924527963,train,methylation
ACH-000528,0.02408526009259625,-5.482839807865275,train,methylation
ACH-000806,29.42948703120876,-12.187162389141905,train,methylation
ACH-000092,13.214995612001365,28.107741696635756,train,methylation
ACH-000672,-2.9428201494889037,-6.377023715906783,train,methylation
ACH-000392,-7.346295777978088,-1.5554633562384657,train,methylation
ACH-000560,13.051271832907148,8.184261337955098,train,methylation
ACH-000305,4.947113352412698,8.152128944162875,train,methylation
ACH-000896,2.014290372557875,8.773710101385031,train,methylation
ACH-000308,13.864614612829904,28.26013595391775,train,methylation
ACH-000660,22.121051651607168,-9.805674721843314,train,methylation
ACH-000617,-6.860454486654327,-0.9243585931154493,train,methylation
ACH-000250,4.1871527592445705,10.323624956945423,train,methylation
ACH-000864,3.7899665255924613,12.552711676173752,train,methylation
ACH-000200,-5.429583114865874,0.2504175227439973,train,methylation
ACH-000301,-4.783920900733043,-0.023760760682293172,train,methylation
ACH-000472,0.14323393438321488,-2.971936833596596,train,methylation
ACH-000589,-9.132468478881364,-0.854859482568025,train,methylation
ACH-000201,-6.235658465461714,-0.9724570525538359,train,methylation
ACH-000890,-2.894807354460412,-2.9113781739546,train,methylation
ACH-000750,2.7663245102357163,-5.569333452869369,train,methylation
ACH-000249,2.609941462875056,-7.959402146264979,train,methylation
ACH-000369,-3.9599839100770553,-0.8187561683539646,train,methylation
ACH-000400,0.6639411708150044,3.5545930577607896,train,methylation
ACH-000482,-8.795509911291916,0.22979345722224592,train,methylation
ACH-000657,-5.664496937223577,0.485720604113958,train,methylation
ACH-000643,-8.337928196154419,-1.0753329652144088,train,methylation
ACH-000751,2.1622866204567965,-1.009586451988465,train,methylation
ACH-000800,-1.4498146540768333,2.6084516359115546,train,methylation
ACH-000830,-2.1928276064211345,3.701221973507943,train,methylation
ACH-000614,-3.9799049118413987,0.6663242456265926,train,methylation
ACH-000257,-2.496034909054231,6.970596424052888,train,methylation
ACH-000652,-0.6121675222033404,-2.485648077163418,train,methylation
ACH-000439,-0.6570224540606348,-1.4393935037552643,train,methylation
ACH-000875,-5.063564465186778,-2.313213575416663,train,methylation
ACH-000433,-6.373838415454149,-0.8236440811167571,train,methylation
ACH-000267,10.979795473286718,-10.855996193246177,train,methylation
ACH-000878,-7.292548292147586,-1.8102608241915115,train,methylation
ACH-000621,-5.4256915471380935,1.0351921777013027,train,methylation
ACH-000749,3.2056592518645415,13.44917482277723,train,methylation
ACH-000802,-0.41882078744609874,8.513325109324835,train,methylation
ACH-000644,-4.5322709793642355,1.422160797696022,train,methylation
ACH-000995,4.606008980816118,-6.402314735165694,train,methylation
ACH-000938,23.236604688027576,-12.436943567017288,train,methylation
ACH-000586,-7.545068570870774,1.494129001337283,train,methylation
ACH-000781,-0.9392182074168187,10.230024773565667,train,methylation
ACH-000722,-6.605789313288144,-1.6932682881804442,train,methylation
ACH-000655,-4.707085721937658,-1.6328521087492316,train,methylation
ACH-000231,-5.961243190489584,1.0175631967375838,train,methylation
ACH-000363,-6.578298325039827,-0.6752785600614216,train,methylation
ACH-000662,3.8920924564783697,4.826949731398718,train,methylation
ACH-000720,-6.115270404118318,2.370308536296129,train,methylation
ACH-000703,-1.6460238330158556,5.888893050812014,train,methylation
ACH-000625,-5.810028351269589,2.109360355743761,train,methylation
ACH-000320,-5.3763465314026,-2.615957014212054,train,methylation
ACH-000768,3.113200251877757,3.512310699932601,train,methylation
ACH-000457,-3.236812666008428,-2.3658630097741495,train,methylation
ACH-000935,0.3960274061987212,-0.8103608785066115,train,methylation
ACH-000743,3.1819947375675772,12.335004885225233,train,methylation
ACH-000347,-5.2200213203559604,-0.24013086483517293,train,methylation
ACH-000633,-3.068685939576679,6.314361633963705,train,methylation
ACH-000288,-6.591805972071517,2.5433550980912205,train,methylation
ACH-000389,-0.2928772159264986,-3.1928913198937092,train,methylation
ACH-000508,-3.093641271869217,3.606262180207368,train,methylation
ACH-000456,-7.693104024373156,-0.8170591200912913,train,methylation
ACH-000238,-7.493259957547783,-1.5469714298849009,train,methylation
ACH-000247,-5.220311153048162,-2.2386276823503874,train,methylation
ACH-000748,-1.9529504217556606,6.021350830968257,train,methylation
ACH-000440,22.719675611762852,-16.149960189123785,train,methylation
ACH-000846,-3.4931787605681586,-3.210573081281199,train,methylation
ACH-000718,-2.0957517851237903,-3.4825282653594622,train,methylation
ACH-000260,-8.180619778831907,-0.5951459915356057,train,methylation
ACH-000997,4.935642332466237,-4.434986978695562,train,methylation
ACH-000567,35.680056376207766,-11.02905079659056,train,methylation
ACH-000910,-7.055001383830335,-4.940768072183215,train,methylation
ACH-000860,-3.087697848757095,-5.091777956452307,train,methylation
ACH-000223,-2.723866310572029,0.8670587832111948,train,methylation
ACH-000787,-6.6141392889349815,1.0144791021122253,train,methylation
ACH-000696,-1.1652313728059467,-3.6276106516020237,train,methylation
ACH-000273,-6.76996134549757,-2.226397621261358,train,methylation
ACH-000776,-5.719636740424689,-0.9030239928298645,train,methylation
ACH-000104,22.302315126947207,-13.46775820971763,train,methylation
ACH-000957,-3.7469848431088293,0.5094579117918573,train,methylation
ACH-000139,-6.646985229626693,0.7627575928422654,train,methylation
ACH-000565,-4.841330170934065,-2.807880279853694,train,methylation
ACH-000177,5.756612375039699,17.65762415994928,train,methylation
ACH-000476,0.8407166170310006,-1.340192842992276,train,methylation
ACH-000373,1.3399994058641,-3.2240348165630657,train,methylation
ACH-000812,-5.3887016191148795,-2.3527511446531295,train,methylation
ACH-000336,-1.494545989825403,-2.679444582693588,train,methylation
ACH-000040,-1.8570336717512368,-0.5439507881472464,train,methylation
ACH-000087,-6.352079859443405,-0.13877225138958627,train,methylation
ACH-000072,-9.525854812968747,-0.632750409669745,train,methylation
ACH-000353,-6.170058217449968,-0.8040026778403977,train,methylation
ACH-000298,-6.1538490232554794,0.8338414044059116,train,methylation
ACH-000838,19.563097387274823,9.654608523851131,train,methylation
ACH-000989,-7.564000561205834,-0.3346224396023393,train,methylation
ACH-000437,-6.22801731291561,0.10859205588602211,train,methylation
ACH-000197,30.43857308903166,-16.298486011092155,train,methylation
ACH-000114,-5.401784103098726,2.003396768128331,train,methylation
ACH-000473,-4.316811627547046,0.4348214183389993,train,methylation
ACH-000789,-5.532566619292561,0.9321934306829726,train,methylation
ACH-000689,-5.163287430323527,-0.25396774938790506,train,methylation
ACH-000980,-7.601107581885451,-0.4829446514234693,train,methylation
ACH-000362,2.8522142151209406,10.189172608170828,train,methylation
ACH-000098,-5.088725679534709,2.0609290595605176,train,methylation
ACH-000956,-1.2406928905470886,7.5873776379854085,train,methylation
ACH-000817,-6.562119354422927,0.3632169399585036,train,methylation
ACH-000410,-7.720594344149048,1.4340162973826494,train,methylation
ACH-000563,11.47973102085089,10.294008769070812,train,methylation
ACH-000699,6.764591413007677,13.452114050473277,train,methylation
ACH-000501,6.022012214796745,8.595962942842597,train,methylation
ACH-000863,3.490134281923632,11.776897433576892,train,methylation
ACH-000008,-6.859186745363359,-1.0948735771042997,train,methylation
ACH-000505,3.4729062186815054,5.928666449494182,train,methylation
ACH-000937,10.122577786717425,-7.195150488816424,train,methylation
ACH-000210,-5.879846585027427,-0.4259255901183628,train,methylation
ACH-000443,15.867205358805737,25.8389433447905,train,methylation
ACH-000888,-8.196904637006272,-0.15992576871222655,train,methylation
ACH-000423,-2.282310654466735,-2.541078760508868,train,methylation
ACH-000971,5.39652240498079,-7.792649070025529,train,methylation
ACH-000355,-6.986318594284172,1.37264599279011,train,methylation
ACH-000204,6.166075387648826,0.47949992034022865,train,methylation
ACH-000580,17.130193465710704,23.51558155086034,train,methylation
ACH-000427,1.8507730436927894,-7.313224011299437,train,methylation
ACH-000135,-9.365884784644399,-0.02386306549867526,train,methylation
ACH-000107,-4.741976609084389,-3.385047919466988,train,methylation
ACH-000078,-10.207271948179347,-0.7632607111291208,train,methylation
ACH-000530,-3.2831715138550974,7.951054190581192,train,methylation
ACH-000650,-4.599465866766273,0.9579683516182463,train,methylation
ACH-000396,-1.8364088337932083,2.530007698424972,train,methylation
ACH-000934,-3.6677284501675205,-2.35502278431361,train,methylation
ACH-000070,28.81699928739516,2.2386828692834317,train,methylation
ACH-000821,2.0483623540188587,14.535399152482395,train,methylation
ACH-000451,-4.876981213620573,1.0820257103179174,train,methylation
ACH-000515,-6.40610461990084,3.4467137480220935,train,methylation
ACH-000744,-8.281248519319304,-0.9157636493581806,train,methylation
ACH-000572,-8.582142214777052,-0.5903483913463934,train,methylation
ACH-000345,-5.341859675478084,3.313413811931061,train,methylation
ACH-000767,-8.518082193326528,1.735954970077996,train,methylation
ACH-000885,-7.856739979411523,-1.5901763028586289,train,methylation
ACH-000291,0.8778872227087029,10.532400033351,train,methylation
ACH-000136,2.406376765705142,5.531860660525843,train,methylation
ACH-000287,32.35563552910381,6.657227658124155,train,methylation
ACH-000264,-3.852518899432505,-4.2471553967132785,train,methylation
ACH-000983,-0.8205724470503852,-4.874750834711389,train,methylation
ACH-000019,-1.6532654013259842,-3.7070274716127147,train,methylation
ACH-000648,2.2190109003163463,2.0509068575861207,train,methylation
ACH-000965,1.3094976193206853,-3.1492989274139105,train,methylation
ACH-000138,-0.3156354602496528,9.897073251116025,train,methylation
ACH-000603,-7.560621994213384,0.2633586380163195,train,methylation
ACH-000046,-5.562885328656666,-1.831153974961376,train,methylation
ACH-000332,-2.5975745810790656,-1.4751180095788294,train,methylation
ACH-000096,-2.331662188975897,-0.9879230949734071,train,methylation
ACH-000745,7.142979982167022,11.082386511069323,train,methylation
ACH-000955,-0.8815070878298209,-0.4155773661039388,train,methylation
ACH-000847,8.022818877345907,10.658181083837315,train,methylation
ACH-000429,2.3497072061774458,-4.221815996852924,train,methylation
ACH-000794,-1.0451567716517876,-4.778636418386966,train,methylation
ACH-000559,-5.416231545459158,-1.0808269337429048,train,methylation
ACH-000960,14.647888064006231,-13.384226691796714,train,methylation
ACH-000905,-4.501083374805613,0.6204104223805741,train,methylation
ACH-000664,25.593407412089658,-10.470021629830434,train,methylation
ACH-000465,-7.02327708157975,-1.3254930351639247,train,methylation
ACH-000411,-2.7064615609903453,-1.138293761655219,train,methylation
ACH-000421,0.5651868008447954,-5.039239087226826,train,methylation
ACH-000587,-1.18215099050054,-5.515368433492157,train,methylation
ACH-000950,0.9729971179557639,-3.19409451217835,train,methylation
ACH-000491,-4.7537904727442095,-3.3403094592598332,train,methylation
ACH-000998,-0.31443116231882984,-4.26063514078162,train,methylation
ACH-000951,-6.317513781074748,0.6947218157236912,train,methylation
ACH-000609,4.703993631868487,-2.9372159429425984,train,methylation
ACH-000688,-5.92536659504857,2.6178620959867005,train,methylation
ACH-000534,3.4863266266574247,-9.769685238779562,train,methylation
ACH-000947,-6.268468399962849,-3.1491506985875692,train,methylation
ACH-000399,-4.5362507492392465,0.9038115761699145,train,methylation
ACH-000343,-7.873927936087385,1.453052142072398,train,methylation
ACH-000103,-6.877118459334908,0.14437941052665376,train,methylation
ACH-000430,30.783771140347962,12.839416432910262,train,methylation
ACH-000784,-4.568551064197905,-3.9038972408695845,train,methylation
ACH-000378,-7.709750834585473,-0.20430322738293272,train,methylation
ACH-000616,6.509225536496022,3.981529405646965,train,methylation
ACH-000514,-6.293861291276381,1.5885137734172479,train,methylation
ACH-000221,-1.259553170188872,-1.592924868440395,train,methylation
ACH-000116,-8.945229517803703,-0.1415045368326154,train,methylation
ACH-000763,4.89425709173928,8.120940203863258,train,methylation
ACH-000004,0.5208553083443009,-3.400307968737331,train,methylation
ACH-000924,-9.659767933339117,-1.4665069407598315,train,methylation
ACH-000702,27.629869929762187,12.447031501325442,train,methylation
ACH-000112,-4.600583341365705,1.4731288342218913,train,methylation
ACH-000814,-5.699190581815422,1.4688384571579858,train,methylation
ACH-000168,4.6337098501673735,8.887532293742442,train,methylation
ACH-000408,-2.9359391613907517,-1.2104427922483096,train,methylation
ACH-000082,1.207652454934489,2.063154829099915,train,methylation
ACH-000828,-1.3291379068153104,-0.6208450426813088,train,methylation
ACH-000522,3.9221293996677753,-1.0592680141443918,train,methylation
ACH-000824,-6.947843353129288,-4.117390803310703,train,methylation
ACH-000874,13.96782731123071,-10.750975959337785,train,methylation
ACH-000855,-2.2291096857819417,-7.570691274448224,train,methylation
ACH-000717,-5.307777335433427,-0.5466676663015788,train,methylation
ACH-000188,-4.734693528950383,2.4442569279296493,train,methylation
ACH-000667,2.026418860864218,6.379443680617566,train,methylation
ACH-000978,1.970636439969376,9.697188086909133,train,methylation
ACH-000115,-3.6485579727046122,2.488188027430313,train,methylation
ACH-000678,-4.693206643403992,1.2499029028109816,train,methylation
ACH-000525,-3.2272871462337602,4.277376414315804,train,methylation
ACH-000475,-7.834759871093926,0.31241981430273197,train,methylation
ACH-000042,-0.048262690587534775,-0.7981323029199311,train,methylation
ACH-000627,-3.54194235572349,0.3575826784979957,train,methylation
ACH-000183,1.4236468178288553,-2.460278517731043,train,methylation
ACH-000756,3.6874143388003837,12.451544369942468,train,methylation
ACH-000547,-8.886780386926796,1.3310113215435195,train,methylation
ACH-000349,4.994625651297397,10.862629168516179,train,methylation
ACH-000651,-0.9513742638714017,-1.7907396013267785,train,methylation
ACH-001075,-5.636591076118432,0.01733430152863766,train,methylation
ACH-000277,6.37208724445669,14.908475591377831,train,methylation
ACH-000613,-5.3519897427117655,0.0729304666303698,train,methylation
ACH-000930,-4.430722064276431,-3.611094052204053,train,methylation
ACH-000986,-2.4274787189803178,-3.461612505166344,train,methylation
ACH-000637,-4.301134180676851,-3.874350393084929,train,methylation
ACH-000478,12.579249419419472,28.94546971350629,train,methylation
ACH-000117,-4.289943066759897,-0.39479623058912605,train,methylation
ACH-000713,-8.41191547791646,0.09662909078655865,train,methylation
ACH-000113,3.524591873899264,-7.158803528204085,train,methylation
ACH-000949,5.820356048100037,-7.800003029074279,train,methylation
ACH-000358,-6.667023329966042,-0.03819004812699437,train,methylation
ACH-000857,-10.928724355372783,0.6068912175128505,train,methylation
ACH-000376,-4.807767836256312,0.6386815981802821,train,methylation
ACH-001306,-8.343953295056455,-0.7368853279999926,train,methylation
ACH-000886,-5.223690185154941,-1.6508050756314938,train,methylation
ACH-000374,-5.428879975756381,-0.9558178047433133,train,methylation
ACH-000914,23.373318526266846,17.074887907553343,train,methylation
ACH-000352,-4.765133724075873,-0.6028369886935003,train,methylation
ACH-000124,11.39032752971739,-9.526702266796947,train,methylation
ACH-000913,1.0326559261753432,11.53482392741421,train,methylation
ACH-000111,-3.1571717708428944,5.240313236645003,train,methylation
ACH-000677,7.309524063412266,0.5428609019120382,train,methylation
ACH-000464,-5.807549434340309,1.132071986568169,train,methylation
ACH-000493,-5.38872252144514,2.5403284140376092,train,methylation
ACH-000059,18.250537493764817,-9.622676457430716,train,methylation
ACH-000624,-5.774635089967355,5.167904168169099,train,methylation
ACH-000880,14.26169319940443,-7.796059834411739,train,methylation
ACH-000341,-4.483774923402466,4.516827786236135,train,methylation
ACH-000554,-2.56494340940569,-2.4195966180853303,train,methylation
ACH-000379,0.7016816156693337,0.08854735460920565,train,methylation
ACH-000754,11.952616517902477,-12.50703111152427,train,methylation
ACH-000804,1.719071062403411,10.021823867687377,train,methylation
ACH-000939,-3.6243425150528132,-0.059842557309722044,train,methylation
ACH-000674,-2.9195954698954614,-4.883797011824387,train,methylation
ACH-000615,0.6810617960150988,-2.8420828039294297,train,methylation
ACH-000269,10.326931345809859,1.3808106907837205,train,methylation
ACH-000207,-5.447152478718788,-0.9438250958019022,train,methylation
ACH-000729,-2.5603371068399348,0.6601326911929967,train,methylation
ACH-000181,-8.207485269914999,0.08322819206015794,train,methylation
ACH-000879,-5.837361624273467,0.36724968093507576,train,methylation
ACH-000654,28.223155990674105,-11.299603205889772,train,methylation
ACH-000425,-0.5528283750065127,2.15789913613366,train,methylation
ACH-000893,-5.569023044425851,-1.6932322812802927,train,methylation
ACH-000248,-8.413579484663149,0.8905219925859841,train,methylation
ACH-000056,9.452284381411424,-5.566549424758466,train,methylation
ACH-000149,-7.809922918513795,0.24724333954338304,train,methylation
ACH-000222,-0.0910805316033304,-5.2508238001324505,train,methylation
ACH-000535,-4.185127125620739,1.8806815530102954,train,methylation
ACH-000840,-4.63458958565166,-1.8910916583106248,train,methylation
ACH-000212,0.8620384106059612,7.085529877098647,train,methylation
