tissue,drug_name,n_cells,scc_bcgdrp,scc_drugmean,drugmean_reason
URINARY_TRACT,5-Fluorouracil,15,0.13214285714285715,,"constant within a drug, rank undefined"
URINARY_TRACT,ABT737,15,-0.4142857142857142,,"constant within a drug, rank undefined"
URINARY_TRACT,AGI-5198,15,0.11428571428571425,,"constant within a drug, rank undefined"
URINARY_TRACT,AGI-6780,14,0.2835164835164835,,"constant within a drug, rank undefined"
URINARY_TRACT,AMG-319,15,-0.06785714285714285,,"constant within a drug, rank undefined"
URINARY_TRACT,AZ960,14,0.3758241758241759,,"constant within a drug, rank undefined"
URINARY_TRACT,AZD3759,15,0.4892857142857142,,"constant within a drug, rank undefined"
URINARY_TRACT,AZD4547,15,0.11071428571428568,,"constant within a drug, rank undefined"
URINARY_TRACT,AZD5582,14,0.24835164835164836,,"constant within a drug, rank undefined"
URINARY_TRACT,AZD6738,15,0.37499999999999994,,"constant within a drug, rank undefined"
URINARY_TRACT,AZD7762,15,0.11428571428571425,,"constant within a drug, rank undefined"
URINARY_TRACT,AZD8055,13,0.18131868131868134,,"constant within a drug, rank undefined"
URINARY_TRACT,AZD8186,15,0.12857142857142856,,"constant within a drug, rank undefined"
URINARY_TRACT,Afatinib,15,0.5535714285714285,,"constant within a drug, rank undefined"
URINARY_TRACT,Afuresertib,15,0.6464285714285712,,"constant within a drug, rank undefined"
URINARY_TRACT,Alisertib,15,-0.10714285714285714,,"constant within a drug, rank undefined"
URINARY_TRACT,Alpelisib,15,0.5107142857142856,,"constant within a drug, rank undefined"
URINARY_TRACT,Avagacestat,15,0.3607142857142856,,"constant within a drug, rank undefined"
URINARY_TRACT,Axitinib,14,0.3186813186813187,,"constant within a drug, rank undefined"
URINARY_TRACT,BI-2536,15,0.10714285714285714,,"constant within a drug, rank undefined"
URINARY_TRACT,BIBR-1532,15,0.4107142857142856,,"constant within a drug, rank undefined"
URINARY_TRACT,BMS-345541,14,0.2967032967032967,,"constant within a drug, rank undefined"
URINARY_TRACT,Bleomycin (50 uM),14,0.3274725274725274,,"constant within a drug, rank undefined"
URINARY_TRACT,Bortezomib,15,-0.1928571428571428,,"constant within a drug, rank undefined"
URINARY_TRACT,Bosutinib,15,0.5821428571428571,,"constant within a drug, rank undefined"
URINARY_TRACT,CCT007093,15,0.1714285714285714,,"constant within a drug, rank undefined"
URINARY_TRACT,CZC24832,14,0.02417582417582418,,"constant within a drug, rank undefined"
URINARY_TRACT,Camptothecin,15,0.2642857142857143,,"constant within a drug, rank undefined"
URINARY_TRACT,Cediranib,15,0.25357142857142856,,"constant within a drug, rank undefined"
URINARY_TRACT,Cisplatin,14,-0.1076923076923077,,"constant within a drug, rank undefined"
URINARY_TRACT,Crizotinib,15,0.28928571428571426,,"constant within a drug, rank undefined"
URINARY_TRACT,Cyclophosphamide,15,0.049999999999999996,,"constant within a drug, rank undefined"
URINARY_TRACT,Cytarabine,14,-0.04175824175824176,,"constant within a drug, rank undefined"
URINARY_TRACT,Dabrafenib,15,0.22499999999999998,,"constant within a drug, rank undefined"
URINARY_TRACT,Dactolisib,15,0.0035714285714285704,,"constant within a drug, rank undefined"
URINARY_TRACT,Dasatinib,15,0.36785714285714277,,"constant within a drug, rank undefined"
URINARY_TRACT,Dinaciclib,14,0.6395604395604396,,"constant within a drug, rank undefined"
URINARY_TRACT,Docetaxel,15,0.1964285714285714,,"constant within a drug, rank undefined"
URINARY_TRACT,Doramapimod,15,0.06785714285714285,,"constant within a drug, rank undefined"
URINARY_TRACT,EHT-1864,15,0.14285714285714282,,"constant within a drug, rank undefined"
URINARY_TRACT,EPZ004777,15,0.07142857142857141,,"constant within a drug, rank undefined"
URINARY_TRACT,EPZ5676,15,0.21428571428571427,,"constant within a drug, rank undefined"
URINARY_TRACT,Entinostat,14,0.3186813186813187,,"constant within a drug, rank undefined"
URINARY_TRACT,Entospletinib,14,0.3318681318681319,,"constant within a drug, rank undefined"
URINARY_TRACT,Epirubicin,15,0.35,,"constant within a drug, rank undefined"
URINARY_TRACT,Erlotinib,15,0.42499999999999993,,"constant within a drug, rank undefined"
URINARY_TRACT,Foretinib,15,0.25357142857142856,,"constant within a drug, rank undefined"
URINARY_TRACT,Fulvestrant,15,0.1714285714285714,,"constant within a drug, rank undefined"
URINARY_TRACT,GDC0810,15,-0.06071428571428571,,"constant within a drug, rank undefined"
URINARY_TRACT,GNE-317,15,0.5,,"constant within a drug, rank undefined"
URINARY_TRACT,GSK1904529A,15,0.3214285714285714,,"constant within a drug, rank undefined"
URINARY_TRACT,GSK2578215A,15,0.35,,"constant within a drug, rank undefined"
URINARY_TRACT,GSK2606414,14,0.4945054945054946,,"constant within a drug, rank undefined"
URINARY_TRACT,GSK2830371,14,0.3758241758241759,,"constant within a drug, rank undefined"
URINARY_TRACT,GSK343,14,-0.006593406593406593,,"constant within a drug, rank undefined"
URINARY_TRACT,GSK591,14,0.4197802197802198,,"constant within a drug, rank undefined"
URINARY_TRACT,GW441756,15,0.28571428571428564,,"constant within a drug, rank undefined"
URINARY_TRACT,Gefitinib,15,0.2607142857142857,,"constant within a drug, rank undefined"
URINARY_TRACT,Gemcitabine,15,0.20357142857142854,,"constant within a drug, rank undefined"
URINARY_TRACT,I-BET-762,14,0.3362637362637363,,"constant within a drug, rank undefined"
URINARY_TRACT,I-BRD9,15,0.024999999999999998,,"constant within a drug, rank undefined"
URINARY_TRACT,IWP-2,14,0.45494505494505494,,"constant within a drug, rank undefined"
URINARY_TRACT,Ibrutinib,14,0.46373626373626364,,"constant within a drug, rank undefined"
URINARY_TRACT,Ipatasertib,15,0.5464285714285714,,"constant within a drug, rank undefined"
URINARY_TRACT,Irinotecan,15,0.21071428571428572,,"constant within a drug, rank undefined"
URINARY_TRACT,JNK Inhibitor VIII,15,0.039285714285714285,,"constant within a drug, rank undefined"
URINARY_TRACT,JQ1,15,0.2071428571428571,,"constant within a drug, rank undefined"
URINARY_TRACT,KRAS (G12C) Inhibitor-12,14,0.5340659340659341,,"constant within a drug, rank undefined"
URINARY_TRACT,KU-55933,15,-0.05714285714285713,,"constant within a drug, rank undefined"
URINARY_TRACT,LCL161,14,0.3274725274725274,,"constant within a drug, rank undefined"
URINARY_TRACT,LGK974,15,0.36785714285714277,,"constant within a drug, rank undefined"
URINARY_TRACT,LJI308,15,0.2678571428571428,,"constant within a drug, rank undefined"
URINARY_TRACT,LY2109761,14,0.1164835164835165,,"constant within a drug, rank undefined"
URINARY_TRACT,Lapatinib,15,0.5071428571428571,,"constant within a drug, rank undefined"
URINARY_TRACT,Leflunomide,14,0.35824175824175825,,"constant within a drug, rank undefined"
URINARY_TRACT,Lenalidomide,15,0.2607142857142857,,"constant within a drug, rank undefined"
URINARY_TRACT,Lestaurtinib,15,0.010714285714285713,,"constant within a drug, rank undefined"
URINARY_TRACT,Linsitinib,15,0.33571428571428563,,"constant within a drug, rank undefined"
URINARY_TRACT,MG-132,15,-0.3107142857142856,,"constant within a drug, rank undefined"
URINARY_TRACT,MIRA-1,15,0.2178571428571428,,"constant within a drug, rank undefined"
URINARY_TRACT,MK-1775,15,0.06428571428571428,,"constant within a drug, rank undefined"
URINARY_TRACT,MK-2206,15,0.6142857142857142,,"constant within a drug, rank undefined"
URINARY_TRACT,MK-8776,15,-0.039285714285714285,,"constant within a drug, rank undefined"
URINARY_TRACT,ML323,14,0.5780219780219781,,"constant within a drug, rank undefined"
URINARY_TRACT,MN-64,14,0.2351648351648352,,"constant within a drug, rank undefined"
URINARY_TRACT,Methotrexate,15,0.35,,"constant within a drug, rank undefined"
URINARY_TRACT,Motesanib,15,0.6,,"constant within a drug, rank undefined"
URINARY_TRACT,NU7441,15,-0.125,,"constant within a drug, rank undefined"
URINARY_TRACT,NVP-ADW742,15,0.4964285714285714,,"constant within a drug, rank undefined"
URINARY_TRACT,Navitoclax,15,-0.15714285714285714,,"constant within a drug, rank undefined"
URINARY_TRACT,Nilotinib,15,-0.13214285714285715,,"constant within a drug, rank undefined"
URINARY_TRACT,Niraparib,14,0.2879120879120879,,"constant within a drug, rank undefined"
URINARY_TRACT,Nutlin-3a (-),15,0.3214285714285714,,"constant within a drug, rank undefined"
URINARY_TRACT,OF-1,14,0.02417582417582418,,"constant within a drug, rank undefined"
URINARY_TRACT,OTX015,14,0.2923076923076923,,"constant within a drug, rank undefined"
URINARY_TRACT,Obatoclax Mesylate,14,0.15604395604395604,,"constant within a drug, rank undefined"
URINARY_TRACT,Olaparib,15,0.125,,"constant within a drug, rank undefined"
URINARY_TRACT,Osimertinib,15,0.5214285714285714,,"constant within a drug, rank undefined"
URINARY_TRACT,Oxaliplatin,15,0.3071428571428571,,"constant within a drug, rank undefined"
URINARY_TRACT,P22077,15,0.3107142857142856,,"constant within a drug, rank undefined"
URINARY_TRACT,PCI-34051,14,0.22637362637362637,,"constant within a drug, rank undefined"
URINARY_TRACT,PD0325901,15,0.5678571428571427,,"constant within a drug, rank undefined"
URINARY_TRACT,PD173074,15,0.28928571428571426,,"constant within a drug, rank undefined"
URINARY_TRACT,PFI-1,15,0.36428571428571427,,"constant within a drug, rank undefined"
URINARY_TRACT,PFI3,14,0.2879120879120879,,"constant within a drug, rank undefined"
URINARY_TRACT,PLX-4720,15,0.16785714285714282,,"constant within a drug, rank undefined"
URINARY_TRACT,PRIMA-1MET,14,-0.15164835164835166,,"constant within a drug, rank undefined"
URINARY_TRACT,PRT062607,14,0.45494505494505494,,"constant within a drug, rank undefined"
URINARY_TRACT,Paclitaxel,15,0.475,,"constant within a drug, rank undefined"
URINARY_TRACT,Palbociclib,15,0.3571428571428571,,"constant within a drug, rank undefined"
URINARY_TRACT,Pevonedistat,15,0.15357142857142855,,"constant within a drug, rank undefined"
URINARY_TRACT,Picolinici-acid,14,0.1956043956043956,,"constant within a drug, rank undefined"
URINARY_TRACT,Pictilisib,15,0.2321428571428571,,"constant within a drug, rank undefined"
URINARY_TRACT,Pyridostatin,15,0.27499999999999997,,"constant within a drug, rank undefined"
URINARY_TRACT,Refametinib,15,0.5428571428571428,,"constant within a drug, rank undefined"
URINARY_TRACT,Ribociclib,14,0.4769230769230769,,"constant within a drug, rank undefined"
URINARY_TRACT,Rucaparib,15,0.4892857142857142,,"constant within a drug, rank undefined"
URINARY_TRACT,Ruxolitinib,14,0.178021978021978,,"constant within a drug, rank undefined"
URINARY_TRACT,SB216763,15,0.38928571428571423,,"constant within a drug, rank undefined"
URINARY_TRACT,SCH772984,15,0.557142857142857,,"constant within a drug, rank undefined"
URINARY_TRACT,SGC0946,15,0.3214285714285714,,"constant within a drug, rank undefined"
URINARY_TRACT,SN-38,14,0.1384615384615385,,"constant within a drug, rank undefined"
URINARY_TRACT,Sabutoclax,14,0.4153846153846154,,"constant within a drug, rank undefined"
URINARY_TRACT,Sapitinib,15,0.4107142857142856,,"constant within a drug, rank undefined"
URINARY_TRACT,Savolitinib,15,0.1714285714285714,,"constant within a drug, rank undefined"
URINARY_TRACT,Selumetinib,15,0.3285714285714285,,"constant within a drug, rank undefined"
URINARY_TRACT,Sepantronium bromide,15,-0.12857142857142856,,"constant within a drug, rank undefined"
URINARY_TRACT,Serdemetan,15,0.32499999999999996,,"constant within a drug, rank undefined"
URINARY_TRACT,Sorafenib,15,0.3,,"constant within a drug, rank undefined"
URINARY_TRACT,Tamoxifen,15,0.5499999999999999,,"constant within a drug, rank undefined"
URINARY_TRACT,Tanespimycin,15,-0.05357142857142857,,"constant within a drug, rank undefined"
URINARY_TRACT,Taselisib,15,0.4464285714285714,,"constant within a drug, rank undefined"
URINARY_TRACT,Telomerase Inhibitor IX,15,0.1857142857142857,,"constant within a drug, rank undefined"
URINARY_TRACT,Temozolomide,15,-0.021428571428571425,,"constant within a drug, rank undefined"
URINARY_TRACT,Temsirolimus,15,-0.2678571428571428,,"constant within a drug, rank undefined"
URINARY_TRACT,Trametinib,15,0.5392857142857141,,"constant within a drug, rank undefined"
URINARY_TRACT,UMI-77,14,0.2351648351648352,,"constant within a drug, rank undefined"
URINARY_TRACT,Uprosertib,14,0.6483516483516484,,"constant within a drug, rank undefined"
URINARY_TRACT,VE-822,14,0.17362637362637365,,"constant within a drug, rank undefined"
URINARY_TRACT,VE821,15,0.6249999999999999,,"constant within a drug, rank undefined"
URINARY_TRACT,VX-11e,15,0.4071428571428571,,"constant within a drug, rank undefined"
URINARY_TRACT,Veliparib,15,0.2714285714285714,,"constant within a drug, rank undefined"
URINARY_TRACT,Venotoclax,15,0.42857142857142855,,"constant within a drug, rank undefined"
URINARY_TRACT,Vinblastine,13,0.46703296703296704,,"constant within a drug, rank undefined"
URINARY_TRACT,Vinorelbine,15,0.47142857142857136,,"constant within a drug, rank undefined"
URINARY_TRACT,Vismodegib,15,-0.039285714285714285,,"constant within a drug, rank undefined"
URINARY_TRACT,Vorinostat,15,0.3428571428571428,,"constant within a drug, rank undefined"
URINARY_TRACT,WEHI-539,15,-0.11785714285714284,,"constant within a drug, rank undefined"
URINARY_TRACT,WIKI4,15,0.22499999999999998,,"constant within a drug, rank undefined"
URINARY_TRACT,WZ4003,14,0.44175824175824174,,"constant within a drug, rank undefined"
URINARY_TRACT,Wee1 Inhibitor,15,0.25357142857142856,,"constant within a drug, rank undefined"
URINARY_TRACT,Wnt-C59,14,0.49890109890109896,,"constant within a drug, rank undefined"
URINARY_TRACT,YK-4-279,15,0.3214285714285714,,"constant within a drug, rank undefined"
URINARY_TRACT,ZM447439,15,0.1607142857142857,,"constant within a drug, rank undefined"
BREAST,5-Fluorouracil,42,0.10542095454177135,,"constant within a drug, rank undefined"
BREAST,ABT737,41,-0.09773519163763067,,"constant within a drug, rank undefined"
BREAST,AGI-5198,41,-0.1261324041811847,,"constant within a drug, rank undefined"
BREAST,AGI-6780,36,0.12664092664092666,,"constant within a drug, rank undefined"
BREAST,AMG-319,40,0.17185741088180115,,"constant within a drug, rank undefined"
BREAST,AZ960,37,0.038406827880512084,,"constant within a drug, rank undefined"
BREAST,AZD3759,41,0.3979094076655053,,"constant within a drug, rank undefined"
BREAST,AZD4547,41,0.12386759581881537,,"constant within a drug, rank undefined"
BREAST,AZD5582,36,0.20386100386100386,,"constant within a drug, rank undefined"
BREAST,AZD6482,38,0.1975051975051975,,"constant within a drug, rank undefined"
BREAST,AZD6738,41,0.07909407665505229,,"constant within a drug, rank undefined"
BREAST,AZD7762,42,0.2725062798800746,,"constant within a drug, rank undefined"
BREAST,AZD8055,40,0.20994371482176363,,"constant within a drug, rank undefined"
BREAST,AZD8186,41,0.31428571428571433,,"constant within a drug, rank undefined"
BREAST,Afatinib,40,0.039024390243902446,,"constant within a drug, rank undefined"
BREAST,Afuresertib,41,0.1275261324041812,,"constant within a drug, rank undefined"
BREAST,Alisertib,39,0.09311740890688261,,"constant within a drug, rank undefined"
BREAST,Alpelisib,41,0.13466898954703838,,"constant within a drug, rank undefined"
BREAST,Avagacestat,41,-0.3054006968641116,,"constant within a drug, rank undefined"
BREAST,Axitinib,42,0.007535856089457906,,"constant within a drug, rank undefined"
BREAST,BI-2536,37,-0.08795637743006164,,"constant within a drug, rank undefined"
BREAST,BIBR-1532,40,0.01557223264540338,,"constant within a drug, rank undefined"
BREAST,BMS-345541,37,-0.037932669511616876,,"constant within a drug, rank undefined"
BREAST,Bleomycin (50 uM),37,0.1519677572309151,,"constant within a drug, rank undefined"
BREAST,Bortezomib,41,0.19355400696864117,,"constant within a drug, rank undefined"
BREAST,Bosutinib,41,-0.02543554006968642,,"constant within a drug, rank undefined"
BREAST,CCT007093,39,0.11194331983805669,,"constant within a drug, rank undefined"
BREAST,CZC24832,37,-0.09459459459459459,,"constant within a drug, rank undefined"
BREAST,Camptothecin,41,0.012891986062717771,,"constant within a drug, rank undefined"
BREAST,Cediranib,41,0.06167247386759582,,"constant within a drug, rank undefined"
BREAST,Cisplatin,42,0.0639332306944332,,"constant within a drug, rank undefined"
BREAST,Crizotinib,41,-0.09947735191637633,,"constant within a drug, rank undefined"
BREAST,Cyclophosphamide,41,0.04198606271777005,,"constant within a drug, rank undefined"
BREAST,Cytarabine,37,0.36510194404931245,,"constant within a drug, rank undefined"
BREAST,Dabrafenib,41,0.05557491289198607,,"constant within a drug, rank undefined"
BREAST,Dactolisib,41,0.1961672473867596,,"constant within a drug, rank undefined"
BREAST,Daporinad,21,0.33506493506493507,,"constant within a drug, rank undefined"
BREAST,Dasatinib,41,0.5952961672473869,,"constant within a drug, rank undefined"
BREAST,Dinaciclib,37,0.2631578947368421,,"constant within a drug, rank undefined"
BREAST,Docetaxel,42,0.3170731707317073,,"constant within a drug, rank undefined"
BREAST,Doramapimod,40,0.2816135084427768,,"constant within a drug, rank undefined"
BREAST,EHT-1864,40,0.02288930581613509,,"constant within a drug, rank undefined"
BREAST,EPZ004777,41,-0.1693379790940767,,"constant within a drug, rank undefined"
BREAST,EPZ5676,41,-0.060452961672473875,,"constant within a drug, rank undefined"
BREAST,Entinostat,40,0.19455909943714825,,"constant within a drug, rank undefined"
BREAST,Entospletinib,37,-0.24466571834992884,,"constant within a drug, rank undefined"
BREAST,Epirubicin,41,0.03101045296167248,,"constant within a drug, rank undefined"
BREAST,Erlotinib,41,0.290418118466899,,"constant within a drug, rank undefined"
BREAST,Foretinib,40,0.37354596622889313,,"constant within a drug, rank undefined"
BREAST,Fulvestrant,41,0.21689895470383277,,"constant within a drug, rank undefined"
BREAST,GDC0810,41,0.13501742160278749,,"constant within a drug, rank undefined"
BREAST,GNE-317,40,0.15722326454033772,,"constant within a drug, rank undefined"
BREAST,GSK1904529A,41,0.05801393728222998,,"constant within a drug, rank undefined"
BREAST,GSK2578215A,41,0.09006968641114985,,"constant within a drug, rank undefined"
BREAST,GSK2606414,37,0.08724513987671882,,"constant within a drug, rank undefined"
BREAST,GSK269962A,39,0.07692307692307694,,"constant within a drug, rank undefined"
BREAST,GSK2830371,37,0.038406827880512084,,"constant within a drug, rank undefined"
BREAST,GSK343,37,0.10739687055476528,,"constant within a drug, rank undefined"
BREAST,GSK591,41,-0.06689895470383277,,"constant within a drug, rank undefined"
BREAST,GW441756,38,0.09683772841667579,,"constant within a drug, rank undefined"
BREAST,Gefitinib,41,0.2961672473867596,,"constant within a drug, rank undefined"
BREAST,Gemcitabine,41,0.0888501742160279,,"constant within a drug, rank undefined"
BREAST,I-BET-762,37,-0.032716927453769556,,"constant within a drug, rank undefined"
BREAST,I-BRD9,41,0.25452961672473867,,"constant within a drug, rank undefined"
BREAST,IWP-2,37,0.22901849217638687,,"constant within a drug, rank undefined"
BREAST,Ibrutinib,35,0.19299719887955183,,"constant within a drug, rank undefined"
BREAST,Ipatasertib,41,0.23832752613240424,,"constant within a drug, rank undefined"
BREAST,Irinotecan,41,-0.04250871080139374,,"constant within a drug, rank undefined"
BREAST,JNK Inhibitor VIII,38,-0.015647226173541962,,"constant within a drug, rank undefined"
BREAST,JQ1,41,0.22926829268292684,,"constant within a drug, rank undefined"
BREAST,KRAS (G12C) Inhibitor-12,37,-0.08297771455666192,,"constant within a drug, rank undefined"
BREAST,KU-55933,40,-0.033395872420262665,,"constant within a drug, rank undefined"
BREAST,LCL161,37,0.10099573257467992,,"constant within a drug, rank undefined"
BREAST,LGK974,41,0.007142857142857145,,"constant within a drug, rank undefined"
BREAST,LJI308,40,-0.18686679174484055,,"constant within a drug, rank undefined"
BREAST,LY2109761,37,-0.12162162162162161,,"constant within a drug, rank undefined"
BREAST,Lapatinib,41,0.20296167247386765,,"constant within a drug, rank undefined"
BREAST,Leflunomide,37,-0.09080132764343289,,"constant within a drug, rank undefined"
BREAST,Lenalidomide,41,-0.0008710801393728224,,"constant within a drug, rank undefined"
BREAST,Lestaurtinib,41,0.35121951219512204,,"constant within a drug, rank undefined"
BREAST,Linsitinib,41,0.05731707317073171,,"constant within a drug, rank undefined"
BREAST,MG-132,42,0.17219026010858116,,"constant within a drug, rank undefined"
BREAST,MIRA-1,41,0.08501742160278748,,"constant within a drug, rank undefined"
BREAST,MK-1775,41,0.18675958188153313,,"constant within a drug, rank undefined"
BREAST,MK-2206,42,0.2554898306458148,,"constant within a drug, rank undefined"
BREAST,MK-8776,40,0.028142589118198877,,"constant within a drug, rank undefined"
BREAST,ML323,37,0.09672830725462303,,"constant within a drug, rank undefined"
BREAST,MN-64,37,-0.008297771455666191,,"constant within a drug, rank undefined"
BREAST,Methotrexate,37,0.31057373162636315,,"constant within a drug, rank undefined"
BREAST,Motesanib,41,0.053484320557491305,,"constant within a drug, rank undefined"
BREAST,NU7441,41,0.10452961672473869,,"constant within a drug, rank undefined"
BREAST,NVP-ADW742,41,-0.05000000000000001,,"constant within a drug, rank undefined"
BREAST,Navitoclax,42,-0.04270318450692813,,"constant within a drug, rank undefined"
BREAST,Nilotinib,41,-0.06289198606271779,,"constant within a drug, rank undefined"
BREAST,Niraparib,37,0.1085822664770033,,"constant within a drug, rank undefined"
BREAST,Nutlin-3a (-),42,0.18596548091726767,,"constant within a drug, rank undefined"
BREAST,OF-1,37,0.1299193930772878,,"constant within a drug, rank undefined"
BREAST,OTX015,37,0.07373162636320531,,"constant within a drug, rank undefined"
BREAST,Obatoclax Mesylate,36,0.1603603603603604,,"constant within a drug, rank undefined"
BREAST,Olaparib,41,-0.15609756097560978,,"constant within a drug, rank undefined"
BREAST,Osimertinib,41,0.1374564459930314,,"constant within a drug, rank undefined"
BREAST,Oxaliplatin,41,0.17247386759581884,,"constant within a drug, rank undefined"
BREAST,P22077,41,0.006271777003484322,,"constant within a drug, rank undefined"
BREAST,PCI-34051,37,-0.14746325272641062,,"constant within a drug, rank undefined"
BREAST,PD0325901,41,0.4783972125435541,,"constant within a drug, rank undefined"
BREAST,PD173074,42,0.11806174540150718,,"constant within a drug, rank undefined"
BREAST,PF-4708671,39,-0.2,,"constant within a drug, rank undefined"
BREAST,PFI-1,40,0.0016885553470919327,,"constant within a drug, rank undefined"
BREAST,PFI3,37,-0.08914177335229967,,"constant within a drug, rank undefined"
BREAST,PLX-4720,41,-0.1696864111498258,,"constant within a drug, rank undefined"
BREAST,PRIMA-1MET,37,0.033428165007112376,,"constant within a drug, rank undefined"
BREAST,PRT062607,37,-0.11000474158368895,,"constant within a drug, rank undefined"
BREAST,Paclitaxel,41,0.3534843205574914,,"constant within a drug, rank undefined"
BREAST,Palbociclib,42,0.14350538854225753,,"constant within a drug, rank undefined"
BREAST,Pevonedistat,41,0.07961672473867598,,"constant within a drug, rank undefined"
BREAST,Picolinici-acid,36,-0.11685971685971687,,"constant within a drug, rank undefined"
BREAST,Pictilisib,42,0.20427842152175674,,"constant within a drug, rank undefined"
BREAST,Pyridostatin,40,0.01876172607879925,,"constant within a drug, rank undefined"
BREAST,Refametinib,41,0.4545296167247388,,"constant within a drug, rank undefined"
BREAST,Ribociclib,40,0.20938086303939965,,"constant within a drug, rank undefined"
BREAST,Rucaparib,41,-0.14982578397212545,,"constant within a drug, rank undefined"
BREAST,Ruxolitinib,37,0.2420578473210052,,"constant within a drug, rank undefined"
BREAST,SB216763,40,0.11838649155722329,,"constant within a drug, rank undefined"
BREAST,SCH772984,41,0.40923344947735196,,"constant within a drug, rank undefined"
BREAST,SGC0946,40,0.0450281425891182,,"constant within a drug, rank undefined"
BREAST,SN-38,40,-0.010881801125703567,,"constant within a drug, rank undefined"
BREAST,Sabutoclax,37,0.23470839260312942,,"constant within a drug, rank undefined"
BREAST,Sapitinib,41,0.3616724738675959,,"constant within a drug, rank undefined"
BREAST,Savolitinib,41,0.07073170731707319,,"constant within a drug, rank undefined"
BREAST,Selumetinib,41,0.33048780487804885,,"constant within a drug, rank undefined"
BREAST,Sepantronium bromide,41,0.09285714285714287,,"constant within a drug, rank undefined"
BREAST,Serdemetan,41,-0.014111498257839724,,"constant within a drug, rank undefined"
BREAST,Sorafenib,41,0.07578397212543554,,"constant within a drug, rank undefined"
BREAST,TW 37,17,0.12009803921568628,,"constant within a drug, rank undefined"
BREAST,Tamoxifen,41,0.2331010452961673,,"constant within a drug, rank undefined"
BREAST,Tanespimycin,41,0.3000000000000001,,"constant within a drug, rank undefined"
BREAST,Taselisib,41,0.09268292682926832,,"constant within a drug, rank undefined"
BREAST,Telomerase Inhibitor IX,41,0.15679442508710806,,"constant within a drug, rank undefined"
BREAST,Temozolomide,41,0.006968641114982579,,"constant within a drug, rank undefined"
BREAST,Temsirolimus,40,-0.05103189493433397,,"constant within a drug, rank undefined"
BREAST,Tozasertib,39,-0.01700404858299595,,"constant within a drug, rank undefined"
BREAST,Trametinib,41,0.5421602787456448,,"constant within a drug, rank undefined"
BREAST,UMI-77,37,-0.15813181602655282,,"constant within a drug, rank undefined"
BREAST,Uprosertib,40,0.3416510318949344,,"constant within a drug, rank undefined"
BREAST,VE-822,37,-0.2892366050260787,,"constant within a drug, rank undefined"
BREAST,VE821,41,-0.08919860627177703,,"constant within a drug, rank undefined"
BREAST,VX-11e,41,0.24895470383275264,,"constant within a drug, rank undefined"
BREAST,Veliparib,41,-0.020034843205574915,,"constant within a drug, rank undefined"
BREAST,Venotoclax,41,-0.09581881533101047,,"constant within a drug, rank undefined"
BREAST,Vinblastine,37,0.24063537221431955,,"constant within a drug, rank undefined"
BREAST,Vinorelbine,41,0.3860627177700349,,"constant within a drug, rank undefined"
BREAST,Vismodegib,41,0.006271777003484322,,"constant within a drug, rank undefined"
BREAST,Vorinostat,42,0.2501418037436189,,"constant within a drug, rank undefined"
BREAST,WEHI-539,40,-0.3741088180112571,,"constant within a drug, rank undefined"
BREAST,WIKI4,41,-0.05313588850174217,,"constant within a drug, rank undefined"
BREAST,WZ4003,37,-0.044570886676149835,,"constant within a drug, rank undefined"
BREAST,Wee1 Inhibitor,41,-0.03449477351916377,,"constant within a drug, rank undefined"
BREAST,Wnt-C59,37,0.1505452821242295,,"constant within a drug, rank undefined"
BREAST,YK-4-279,41,0.13414634146341464,,"constant within a drug, rank undefined"
BREAST,ZM447439,41,-0.010627177700348435,,"constant within a drug, rank undefined"
