pubchem_id,drug_name,mean_pred_logIC50,median_pred_logIC50,std_pred_logIC50,mean_true_logIC50,n_test_cells,n_pairs
387447,Bortezomib,-4.495851437250773,-4.527551651000977,0.21861298221133196,-4.828836091359457,15,15
148124,Docetaxel,-4.455836566289266,-4.451725006103516,0.2982876178626133,-4.5690892219543455,15,15
6710780,Vinblastine,-3.785516280394334,-3.9148385524749756,0.7141527410920137,-3.26053117788755,13,13
11178236,Sepantronium bromide,-3.7618170738220216,-4.236055374145508,1.0882657775302296,-4.137969656785329,15,15
5311497,Vinorelbine,-3.1301700274149575,-3.0890252590179443,0.6892710607133852,-2.635193122426669,15,15
6914657,Daporinad,-3.0791656017303466,-2.9310526847839355,0.801352958586583,-4.454450607299805,5,5
36314,Paclitaxel,-3.026608610153198,-3.05674409866333,0.6016914612298013,-2.81729463438193,15,15
46926350,Dinaciclib,-2.6285207952771867,-2.745464563369751,0.4616773865667431,-2.366326834474291,14,14
24360,Camptothecin,-1.6513978779315948,-1.7398097515106201,0.740314533806658,-2.753294037282467,15,15
11977753,Dactolisib,-1.227690827846527,-1.2659146785736084,0.5273940892532839,-1.2956378599007925,15,15
104842,SN-38,-1.0603773253304618,-0.9666023701429367,2.6259733793928235,-2.3883808170046126,14,14
462382,MG-132,-1.0551191727320353,-1.0590070486068726,0.1821873296462545,-1.3324265956878663,15,15
300471,Elesclomol,-0.9737681150436401,-0.9737681150436401,,0.018695000559091568,1,1
11364421,BI-2536,-0.35490477581818897,-0.28939568996429443,1.1107857225295867,-0.9941571881373723,15,15
41867,Epirubicin,-0.26458049615224205,-0.18532145023345947,0.6973713458862782,-0.858149583141009,15,15
6505803,Tanespimycin,-0.07544320722421011,0.07896476984024048,0.525156991347908,-0.532853335638841,15,15
11707110,Trametinib,0.024367342392603557,0.356934517621994,1.3944492836344793,0.16854641040166218,15,15
25262965,AZD8055,0.22353059511918288,0.23743140697479248,0.3723633256765241,-0.03162345662713051,13,13
46236925,Sabutoclax,0.3167347418410437,0.4016999304294586,0.34519509523266323,0.11048070234911782,14,14
60750,Gemcitabine,0.38914650479952495,0.48879364132881165,1.8303241525723817,-1.5663441677888235,15,15
3062316,Dasatinib,0.4265088488658269,0.11419500410556793,1.3157648184356008,0.9353116095066071,15,15
11152667,AZD7762,0.5448925336201985,0.5570679903030396,0.46056815613225977,0.560863662014405,15,15
126565,Lestaurtinib,0.5520447681347529,0.5882025957107544,0.41304571919005445,0.9185392754773299,15,15
126941,Methotrexate,0.5987302382787069,0.5596089363098145,0.3318938837708818,0.44704846739768983,15,15
70676303,GNE-317,0.719817864894867,0.776186466217041,0.3871598486760478,0.8678208637982607,15,15
24856436,MK-1775,0.9936727186044058,1.0295355319976807,0.4875616215222565,1.0192970782518387,15,15
11404337,Obatoclax Mesylate,1.0289649558918816,1.102561354637146,0.29217906609995964,0.4940623625048569,14,14
17755052,Pictilisib,1.058283523718516,1.1463159322738647,0.5602185671440127,1.5824834088484445,15,15
42642645,Foretinib,1.0739083906014761,1.0474060773849487,0.4345679941028155,1.349733720223109,15,15
10385095,Telomerase Inhibitor IX,1.1722801168759664,1.2457642555236816,0.3630761189788624,0.7848173438649003,15,15
9826528,PD0325901,1.2677578727404277,1.593973159790039,1.4040703248490003,1.5653531471888225,15,15
6918289,Temsirolimus,1.2871719817320506,1.4388872385025024,0.39810387955309995,1.1312392671902975,15,15
10184653,Afatinib,1.372836810350418,1.4654651880264282,0.8143914008682163,2.2775570546587307,15,15
51001932,Taselisib,1.4393039564291636,1.5134334564208984,0.8446711810017147,2.3550331676999727,15,15
71496458,Osimertinib,1.4792639543612798,1.6852997541427612,0.7675312721945385,2.1253932535648348,15,15
11455910,TW 37,1.4800685048103333,1.502639651298523,0.28203331042234125,1.5442272573709488,4,4
16720766,Pevonedistat,1.4977714796861012,1.5865275859832764,0.8044001405348169,0.6846018522977829,15,15
5311,Vorinostat,1.9178275028864542,1.9480375051498413,0.31621027411869906,2.118244531750679,15,15
24978538,Navitoclax,2.032518752415975,2.140317916870117,0.46407543960422837,2.7114131848017373,15,15
44182295,Refametinib,2.1058769643306734,2.3392138481140137,1.2272662970827604,2.11046081384023,15,15
24771867,Alisertib,2.106623343626658,2.309931993484497,0.8123016492794354,2.2012534137815236,15,15
49847690,AZD5582,2.125070946557181,2.185064673423767,0.5232792154300611,2.542303455727441,14,14
56962337,SGC0946,2.130593220392863,2.1060752868652344,0.16611822197246362,2.107860310872396,15,15
9933475,Cediranib,2.1775802612304687,2.245748996734619,0.4397675574150955,2.2961203436056774,15,15
10384072,Wee1 Inhibitor,2.2019490083058675,2.2788403034210205,0.6164239127004442,2.2877837141354878,15,15
54761306,AZD6738,2.21609423160553,2.2704262733459473,0.5941861728916361,2.436265007654826,15,15
11228183,ABT737,2.2375988245010374,2.344259738922119,0.4495173387811631,2.73134974638621,15,15
25099184,AZ960,2.2504373022488187,2.1913819313049316,0.7466373935571933,2.5461808996541158,14,14
46843057,Afuresertib,2.2507351716359456,2.3465182781219482,0.5837081407958874,3.1997500896453857,15,15
6253,Cytarabine,2.2779304810932706,2.4439843893051147,0.9345018569820597,2.252836993762425,14,14
46907787,JQ1,2.2890852212905886,2.4729034900665283,0.7430402126604629,2.6692575114468733,15,15
4261,Entinostat,2.3787226932389394,2.38016414642334,0.4901296753560096,2.671363047191075,14,14
78209992,AZD3759,2.3975625038146973,2.2410354614257812,0.6113412521002789,2.6866036732991536,15,15
44632017,YK-4-279,2.4279752016067504,2.480715751647949,0.7082786333016474,2.45882066488266,15,15
24866313,SCH772984,2.4812084873517355,2.849081516265869,1.2290666943405162,2.629503933588664,15,15
51042438,Uprosertib,2.556775518826076,2.750119924545288,0.6687770364042291,3.431756862572261,14,14
9936746,OTX015,2.5887652124677385,2.7504297494888306,0.8142499574803643,2.692628003656864,14,14
46930998,MK-2206,2.629061754544576,2.796168804168701,0.6555992924191977,3.6307788451512653,15,15
176870,Erlotinib,2.6903963724772137,2.517441749572754,0.7183938285000775,2.8997217734654743,15,15
216239,Sorafenib,2.703299713134766,2.6331729888916016,0.3401624746595488,2.9440287510553995,15,15
11634725,VX-11e,2.7051390488942464,2.9781925678253174,0.8720793588534068,3.067240818341573,15,15
11626560,Crizotinib,2.7115004936854046,2.69356632232666,0.6099453915122212,3.2896293481191,15,15
68289010,Savolitinib,2.7262762705485026,2.671788215637207,0.2996672280464016,2.7014087279637655,15,15
5328940,Bosutinib,2.7446237325668337,2.8009777069091797,0.48035861365238175,2.9981361279884973,15,15
9914412,ZM447439,2.7851847251256308,2.7417845726013184,0.5975335680628996,2.773288091023763,15,15
52913813,AZD8186,2.798649470011393,2.8272104263305664,0.5781522197982353,3.7082878828048704,15,15
9825149,NVP-ADW742,2.832979933420817,2.8902950286865234,0.557108466516,3.414527336756388,15,15
637858,Piperlongumine,2.8452913761138916,2.8452913761138916,,3.409943103790283,1,1
5494449,Tozasertib,2.8611714839935303,2.8611714839935303,,4.331383228302002,1,1
208908,Lapatinib,2.868589186668396,2.851606607437134,0.9155011527578371,4.134007692337036,15,15
54685215,IOX2,2.898155689239502,2.898155689239502,,2.875459909439087,1,1
123631,Gefitinib,2.904961276054382,2.7254419326782227,0.7401371823047722,3.292929474512736,15,15
2155128,IWP-2,2.9187507969992503,2.897884488105774,0.32150485343239726,2.895959198474884,14,14
49846579,Venotoclax,2.927270285288493,2.9492886066436768,0.3314355370373133,2.758544087409973,15,15
992586,UMI-77,2.9434760298047746,2.872424840927124,0.22268855372689025,3.415208637714386,14,14
60838,Irinotecan,2.945558714866638,3.049075126647949,0.807715260595113,2.4685273518164954,15,15
71268957,GSK343,2.9547342572893416,2.961381435394287,0.36414768845558193,2.777851334639958,14,14
24788740,Ipatasertib,3.0143274148305257,3.187946319580078,0.6726030683613359,4.098212003707886,15,15
11327430,NU7441,3.0814789056777956,3.2020537853240967,0.5243322641787681,3.5418280442555745,15,15
56649450,Alpelisib,3.0879163265228273,3.3500378131866455,0.7452961954793166,4.108838017781576,15,15
11488320,Sapitinib,3.1028779268264772,3.0239226818084717,1.3528175438847916,4.241460951169332,15,15
104741,Fulvestrant,3.11448024113973,3.0561885833740234,0.31317240656198836,3.0316938559214273,15,15
44462758,PRT062607,3.2150761229651317,3.352778196334839,0.6398533196601206,3.8987957239151,14,14
16224745,MK-8776,3.2225173791249593,3.2643887996673584,0.5007942395198383,4.119297027587891,15,15
59472121,VE-822,3.237478290285383,3.263984799385071,0.6644175321085941,3.5574707899774825,14,14
10077147,BX795,3.239638090133667,3.239638090133667,,3.4374380111694336,1,1
6450551,Axitinib,3.2801038197108676,3.2462046146392822,0.4083108607426911,3.0480400919914246,14,14
46943432,I-BET-762,3.293161536966051,3.604030728340149,0.769041845850425,3.7498121772493636,14,14
51039095,AZD4547,3.3028154373168945,3.3293280601501465,0.38606536021282073,2.5439306537310284,15,15
10127622,Selumetinib,3.3032676855723064,3.745466470718384,1.113671767960427,3.28698481520017,15,15
84691,Cisplatin,3.308288131441389,3.290907859802246,0.645857270374973,2.832896737115724,14,14
9813758,BMS-345541,3.33525880745479,3.370198607444763,0.5369853516132724,3.694087198802403,14,14
9943465,GW441756,3.3589354674021403,3.3746190071105957,0.32251769507275235,3.287211306889852,15,15
5460769,Bleomycin (50 uM),3.377502543585641,3.323428988456726,0.7201417461529422,2.4876669304711476,14,14
16095342,GSK269962A,3.3840479850769043,3.3840479850769043,,2.9381070137023926,1,1
644241,Nilotinib,3.4661985874176025,3.5225300788879395,0.47047751053501646,4.301402266820272,15,15
59473233,Entospletinib,3.483976823943002,3.6366183757781982,0.4723227429814981,3.85978673185621,14,14
24821094,Ibrutinib,3.6428055252347673,3.4914408922195435,0.9245313237019553,4.784933294568743,14,14
2984337,WIKI4,3.6593779722849527,3.7264771461486816,0.27410507946831236,3.9135836124420167,15,15
5330286,Palbociclib,3.6838250160217285,3.719231605529785,0.6387397593275749,4.091598272323608,15,15
9938202,EHT-1864,3.7319145679473875,3.7398533821105957,0.3363710472707116,3.621769905090332,15,15
44631912,Ribociclib,3.830847910472325,3.7907164096832275,0.34710541573944514,3.9487582615443637,14,14
53469448,GSK2606414,3.845242500305176,3.8960551023483276,0.3690592159940726,3.785610726901463,14,14
25227847,Pyridostatin,3.8697913646698,3.881256341934204,0.2953403196134022,3.800670035680135,15,15
1401,PD173074,3.8758227825164795,3.9060580730438232,0.3505136616361622,3.7568988324453434,15,15
11609586,Serdemetan,3.8841045538584393,3.8527705669403076,0.3406169610874972,4.210653130213419,15,15
71297207,WEHI-539,3.9295724550882976,3.870007038116455,0.23569443051839944,3.9036662101745607,15,15
44137675,AZD6482,3.9359652996063232,3.9359652996063232,,4.243433952331543,1,1
2733526,Tamoxifen,3.9873247941335044,3.8592422008514404,0.3516809373953134,3.8115909258524576,15,15
11640390,Linsitinib,4.026028712590535,3.9196910858154297,0.42610977494577995,4.534879986445109,15,15
51000408,VE821,4.040077654520671,4.0658440589904785,0.4836558483731182,4.574924659729004,15,15
5310940,Oxaliplatin,4.045549281438192,4.071108818054199,0.5781036156345839,4.240044641494751,15,15
35397514,OF-1,4.0943717615945,4.04131007194519,0.3752269924678339,4.1717766012464255,14,14
51371303,PF-4708671,4.1047210693359375,4.1047210693359375,,3.8626840114593506,1,1
72200024,WZ4003,4.105525306292942,4.17936897277832,0.35523595410380077,4.435715930802481,14,14
9931953,Rucaparib,4.109170913696289,4.057084560394287,0.28505862788102526,4.360059897104899,15,15
71271629,PFI-1,4.169139893849691,4.225641250610352,0.3579472902689529,3.853493881225586,15,15
9858940,SB505124,4.181087493896484,4.181087493896484,,5.744643211364746,1,1
46926973,LGK974,4.230061467488607,4.192389488220215,0.40639879820600183,4.090303611755371,15,15
57519544,Wnt-C59,4.355705261230469,4.281261205673218,0.39019849565032666,4.611824614661081,14,14
71299339,AGI-6780,4.362615040370396,4.265246391296387,0.386147639041806,4.55212676525116,14,14
24180719,PLX-4720,4.371496025721232,4.454190731048584,0.34821092826424577,4.830992762247721,15,15
25124816,GSK1904529A,4.376416571935018,4.338369369506836,0.3533003148907921,4.347053305308024,15,15
44462760,Dabrafenib,4.427278979619344,4.5993852615356445,0.4560382900368947,4.9405981540679935,15,15
117072552,GSK591,4.4678946903773715,4.416509389877319,0.38362571943163476,4.488469805036273,14,14
60167849,ML323,4.472581607954843,4.398283958435059,0.42052991898525943,4.6083042451313565,14,14
3385,5-Fluorouracil,4.496322170893351,4.458126544952393,0.6208981967312004,4.640275510152181,15,15
23725625,Olaparib,4.506880124409993,4.433727741241455,0.3431023617691415,4.349310811360677,15,15
24958200,Niraparib,4.516628520829337,4.465094327926636,0.3716296072164698,4.643052492822919,14,14
2802462,MN-64,4.523290651185172,4.440033674240112,0.4146588502166368,5.023274677140372,14,14
91668541,I-BRD9,4.551502656936646,4.567708969116211,0.3984366182788968,4.825577767690023,15,15
46931953,P22077,4.574570020039876,4.518601417541504,0.39313848033362925,4.229558213551839,15,15
73555129,KRAS (G12C) Inhibitor-12,4.600406476429531,4.507314443588257,0.4218195324530129,4.510026795523507,14,14
24753719,PCI-34051,4.68840343611581,4.733389854431152,0.35775748296823845,4.862435460090637,14,14
56645356,AGI-5198,4.693443552652995,4.665247440338135,0.3286700563176516,4.820547421773274,15,15
24737642,LCL161,4.734015328543527,4.751743316650391,0.35322500611311136,5.148775049618313,14,14
52918385,PRIMA-1MET,4.746394685336521,4.806068420410156,0.48958377790472174,5.594024590083531,14,14
46883536,Avagacestat,4.763263734181722,4.823433876037598,0.35572537269538845,5.109641742706299,15,15
11433190,Nutlin-3a (-),4.773681433995565,4.87283992767334,0.6393415518765172,4.783851623535156,15,15
68107965,GSK2578215A,4.925510501861572,4.90339994430542,0.346580771890393,5.130113252003988,15,15
68947304,AMG-319,4.940843900044759,4.948781967163086,0.3413943638675185,5.2118085066477455,15,15
24776445,Vismodegib,4.954932943979899,4.953670978546143,0.3297611452689587,5.196215120951335,15,15
25126798,Ruxolitinib,4.959993839263916,4.980747222900391,0.3288955499154058,5.00721892288753,14,14
11655119,LY2109761,4.977594545909336,5.002145051956177,0.350521928513138,5.368907707078116,14,14
156422,Doramapimod,4.979312260945638,5.011966228485107,0.3533285657595016,5.2824982325236,15,15
9927531,BIBR-1532,4.986425526936849,4.997939586639404,0.33270426131061526,5.026856772104899,15,15
118704762,LJI308,4.992891375223795,5.020013332366943,0.32524396898627805,5.209946219126383,15,15
56941241,GDC0810,5.006010023752848,5.001917839050293,0.36315836086036635,5.077569421132406,15,15
5278396,KU-55933,5.024776903788249,5.068255424499512,0.35705767087349466,5.386451355616251,15,15
11624601,JNK Inhibitor VIII,5.0650177637736,5.088104248046875,0.33966950729550743,5.344557857513427,15,15
2314623,CCT007093,5.0926238377889,5.106659889221191,0.35929865599940936,5.231777000427246,15,15
3899,Leflunomide,5.108598368508475,5.124667167663574,0.31083264840948205,5.233716658183506,14,14
176158,SB216763,5.121796989440918,5.110006809234619,0.3313137050735452,5.185730886459351,15,15
42623951,CZC24832,5.125234467642648,5.1774375438690186,0.35672674240424207,5.155357871736799,14,14
1018,Picolinici-acid,5.180347919464111,5.183852434158325,0.35266900375451726,5.187284197126116,14,14
56962336,EPZ004777,5.186252911885579,5.184178352355957,0.31742655431205796,5.301487159729004,15,15
11960529,Veliparib,5.189777406056722,5.19716215133667,0.3326557576326321,5.3988831837972,15,15
2907,Cyclophosphamide,5.231307824452718,5.245434761047363,0.3232357682919319,5.292749722798665,15,15
2375,Bicalutamide,5.244133949279785,5.244133949279785,,4.649170875549316,1,1
216326,Lenalidomide,5.253726863861084,5.2431769371032715,0.33788378684573733,5.456669553120931,15,15
9956119,CHIR-99021,5.326040267944336,5.326040267944336,,5.988362789154053,1,1
78243717,PFI3,5.32775228364127,5.348732233047485,0.32819224218751497,5.494037968771798,14,14
10459196,SL0101,5.3567023277282715,5.3567023277282715,,5.014248847961426,1,1
70983932,GSK2830371,5.382769925253732,5.4024598598480225,0.3110498584286974,5.578643356050764,14,14
227681,MIRA-1,5.418684768676758,5.43681526184082,0.3196225514718954,5.518635034561157,15,15
57345410,EPZ5676,5.4940767606099445,5.48189115524292,0.34105323852995956,5.68512503306071,15,15
11667893,Motesanib,5.494248485565185,5.503631591796875,0.31395181760648383,5.665216509501139,15,15
444795,Tretinoin,5.570723533630371,5.570723533630371,,5.243287086486816,1,1
5394,Temozolomide,6.5257901827494305,6.480095863342285,0.38515868027570627,6.5662641525268555,15,15
