cell_line_name,5-Fluorouracil,ABT737,AGI-5198,AGI-6780,AMG-319,AZ960,AZD3759,AZD4547,AZD5582,AZD6482,AZD6738,AZD7762,AZD8055,AZD8186,Afatinib,Afuresertib,Alisertib,Alpelisib,Avagacestat,Axitinib,BI-2536,BIBR-1532,BMS-345541,BX795,Bicalutamide,Bleomycin (50 uM),Bortezomib,Bosutinib,CCT007093,CHIR-99021,CZC24832,Camptothecin,Cediranib,Cisplatin,Crizotinib,Cyclophosphamide,Cytarabine,Dabrafenib,Dactolisib,Daporinad,Dasatinib,Dinaciclib,Docetaxel,Doramapimod,EHT-1864,EPZ004777,EPZ5676,Elesclomol,Entinostat,Entospletinib,Epirubicin,Erlotinib,Foretinib,Fulvestrant,GDC0810,GNE-317,GSK1904529A,GSK2578215A,GSK2606414,GSK269962A,GSK2830371,GSK343,GSK591,GW441756,Gefitinib,Gemcitabine,I-BET-762,I-BRD9,IOX2,IWP-2,Ibrutinib,Ipatasertib,Irinotecan,JNK Inhibitor VIII,JQ1,KRAS (G12C) Inhibitor-12,KU-55933,LCL161,LGK974,LJI308,LY2109761,Lapatinib,Leflunomide,Lenalidomide,Lestaurtinib,Linsitinib,MG-132,MIRA-1,MK-1775,MK-2206,MK-8776,ML323,MN-64,Methotrexate,Motesanib,NU7441,NVP-ADW742,Navitoclax,Nilotinib,Niraparib,Nutlin-3a (-),OF-1,OTX015,Obatoclax Mesylate,Olaparib,Osimertinib,Oxaliplatin,P22077,PCI-34051,PD0325901,PD173074,PF-4708671,PFI-1,PFI3,PLX-4720,PRIMA-1MET,PRT062607,Paclitaxel,Palbociclib,Pevonedistat,Picolinici-acid,Pictilisib,Piperlongumine,Pyridostatin,Refametinib,Ribociclib,Rucaparib,Ruxolitinib,SB216763,SB505124,SCH772984,SGC0946,SL0101,SN-38,Sabutoclax,Sapitinib,Savolitinib,Selumetinib,Sepantronium bromide,Serdemetan,Sorafenib,TW 37,Tamoxifen,Tanespimycin,Taselisib,Telomerase Inhibitor IX,Temozolomide,Temsirolimus,Tozasertib,Trametinib,Tretinoin,UMI-77,Uprosertib,VE-822,VE821,VX-11e,Veliparib,Venotoclax,Vinblastine,Vinorelbine,Vismodegib,Vorinostat,WEHI-539,WIKI4,WZ4003,Wee1 Inhibitor,Wnt-C59,YK-4-279,ZM447439
HT-1197,3.7556300163269043,1.4696969985961914,4.247324466705322,3.837388515472412,4.219278812408447,1.1042649745941162,1.9859906435012817,2.3573760986328125,1.2604143619537354,,1.2049129009246826,-0.3956960141658783,,1.6003811359405518,1.2227479219436646,1.146170735359192,1.0555919408798218,2.0353035926818848,4.228805065155029,,-1.4007922410964966,4.506210803985596,2.357684373855591,,,2.6826112270355225,-4.67465877532959,1.5951484441757202,4.657354831695557,,4.574681282043457,-2.2648701667785645,1.2451095581054688,2.7310874462127686,1.533652901649475,4.760574817657471,1.0876493453979492,3.745400905609131,-2.3060057163238525,,-1.3349522352218628,-2.925280809402466,-4.631076812744141,4.50206995010376,3.368471384048462,4.669609069824219,4.994472503662109,,1.5588383674621582,2.418757915496826,-1.2608003616333008,2.3333263397216797,0.20842942595481873,2.6307687759399414,4.5134406089782715,-0.17000102996826172,3.8036398887634277,4.468925952911377,3.098320484161377,,4.863320827484131,2.2353384494781494,3.934666633605957,2.819549322128296,2.5329363346099854,-0.7716977596282959,1.7909873723983765,3.7031443119049072,,2.339002847671509,3.370544672012329,1.7511260509490967,2.2614293098449707,4.615626811981201,0.8794389963150024,3.9996633529663086,4.3801374435424805,4.263035297393799,3.8224551677703857,4.467578887939453,4.511581897735596,2.322230339050293,4.537994384765625,4.684597969055176,-0.4079562723636627,3.4157040119171143,-1.4715367555618286,4.826988697052002,0.1620047390460968,1.3396897315979004,2.137557029724121,4.006791591644287,4.077332973480225,-0.21449825167655945,5.004440784454346,1.9323140382766724,1.7744358777999878,1.2548246383666992,2.2351908683776855,3.956458330154419,3.7468738555908203,3.758983850479126,1.004141092300415,0.4015980064868927,4.045226573944092,1.2914540767669678,3.2990033626556396,3.9090447425842285,3.9824910163879395,0.33129483461380005,2.9731857776641846,,3.400568723678589,4.840242385864258,3.818591356277466,3.7643346786499023,2.029466390609741,-3.129314422607422,2.414098024368286,0.4258178770542145,4.692870140075684,0.1105622947216034,,3.4092915058135986,1.22116219997406,,3.5885345935821533,4.330644130706787,4.605964183807373,,1.6284399032592773,1.8492176532745361,,,-0.4737412631511688,3.0239226818084717,2.058669090270996,2.7194125652313232,-2.214066982269287,3.2727813720703125,2.0412557125091553,,3.401337146759033,-0.7792463302612305,0.43677565455436707,0.4705515503883362,5.958218097686768,0.3191852271556854,,-0.7685201168060303,,2.6796202659606934,1.405167579650879,2.061884641647339,3.240605592727661,1.7923271656036377,4.688318252563477,2.172565221786499,-3.94179368019104,-3.298661231994629,4.477170467376709,1.311547875404358,3.5102787017822266,3.1807830333709717,3.3597755432128906,1.2292284965515137,3.801555633544922,1.4007903337478638,1.7181473970413208
KU-19-19,3.223454236984253,2.6388356685638428,4.479713439941406,4.180917263031006,4.434262275695801,1.3678539991378784,2.21804141998291,3.1449391841888428,1.5117071866989136,,1.3893182277679443,0.07643139362335205,-0.4942640960216522,2.3250129222869873,1.4654651880264282,1.8482085466384888,1.3496153354644775,2.5189008712768555,4.3649444580078125,2.85363507270813,-1.5403586626052856,4.69413423538208,2.7192132472991943,,,2.119270086288452,-4.768505096435547,2.326106071472168,4.788405895233154,,4.697320461273193,-2.6055831909179688,1.8327561616897583,2.5123465061187744,1.8567795753479004,4.918917655944824,1.2271500825881958,3.261565923690796,-2.06378173828125,,-0.6109083890914917,-3.2687079906463623,-5.001974105834961,4.655374050140381,3.7806642055511475,4.855299949645996,5.062658309936523,,1.7796077728271484,2.8029627799987793,-1.1174309253692627,2.4132614135742188,0.652876615524292,2.979198932647705,4.757049083709717,0.36790621280670166,4.162294387817383,4.645061016082764,3.367401123046875,,5.00813627243042,2.6178390979766846,3.857612133026123,3.1280319690704346,2.667879104614258,-1.5900087356567383,2.0747556686401367,4.0482683181762695,,2.6807334423065186,3.3406612873077393,2.556367874145508,2.096268892288208,4.724482536315918,1.2813081741333008,4.062678337097168,4.658884525299072,4.4089508056640625,4.192389488220215,4.4938273429870605,4.59559440612793,2.4093832969665527,4.765865802764893,4.8767571449279785,0.17854368686676025,3.752732753753662,-1.0590070486068726,5.010007381439209,0.4507538676261902,2.112675905227661,2.6053905487060547,4.296861171722412,4.2924485206604,0.4033714234828949,5.117114067077637,2.4533498287200928,2.1385183334350586,2.5190515518188477,3.02144193649292,3.891226291656494,3.3282887935638428,4.1574177742004395,1.3117974996566772,0.7906179428100586,4.051210880279541,1.6931674480438232,3.078251600265503,4.24793815612793,4.183819770812988,-1.3078852891921997,3.4217188358306885,,3.733567953109741,4.96396541595459,3.5517382621765137,3.876140832901001,2.224848747253418,-3.8327488899230957,2.4978511333465576,0.5572183132171631,4.8762664794921875,0.7596282958984375,,3.54193377494812,-0.059565603733062744,3.112271547317505,3.873357057571411,4.581660747528076,4.730167388916016,,0.30821099877357483,2.0823121070861816,,-3.356886386871338,0.12861308455467224,2.944099187850952,2.546696424484253,1.27936589717865,-4.394293308258057,3.4052810668945312,2.4528989791870117,,3.8592422008514404,-0.8809880018234253,0.9580906629562378,0.8439565896987915,5.8925395011901855,0.9290813207626343,,-2.4679296016693115,,2.722351551055908,2.0847256183624268,2.3636934757232666,3.0278515815734863,1.2165045738220215,4.848124027252197,2.6938586235046387,-4.721109867095947,-4.1356635093688965,4.627153396606445,1.7261015176773071,4.053543567657471,3.574904680252075,3.4966654777526855,1.4129753112792969,4.137080669403076,1.5323219299316406,2.0474939346313477
RT-112,3.8308210372924805,2.3147451877593994,4.206999778747559,3.7858705520629883,4.579744815826416,2.3054306507110596,1.4547628164291382,2.9931626319885254,1.5895394086837769,,1.6718006134033203,0.39521512389183044,-0.34204158186912537,2.0216774940490723,0.14101745188236237,1.2210538387298584,2.339421510696411,1.7819654941558838,4.238288879394531,2.78078031539917,-0.4262743890285492,4.519032955169678,2.5311412811279297,,,3.5166683197021484,-4.5481767654418945,2.305272340774536,4.542206764221191,,4.643556594848633,-1.0143650770187378,1.557166337966919,3.4367072582244873,1.950042724609375,4.782422065734863,2.615607500076294,4.117571830749512,-1.3827577829360962,-2.101658821105957,1.2117451429367065,-3.10451340675354,-4.451725006103516,4.454739093780518,3.171722173690796,4.772646903991699,5.016289234161377,,1.7000244855880737,2.9593610763549805,0.22739961743354797,1.5924625396728516,0.7557626962661743,2.5410120487213135,4.447122573852539,0.31276699900627136,3.862128973007202,4.40986442565918,3.3655693531036377,,5.011978626251221,2.389176368713379,4.005428314208984,2.8051254749298096,1.6888295412063599,2.040131092071533,2.17531681060791,4.039324760437012,,2.405491352081299,2.319087266921997,1.9395756721496582,3.2169110774993896,4.584408283233643,1.4650859832763672,4.13016939163208,4.484983921051025,4.228987693786621,3.6398167610168457,4.592086315155029,4.499248504638672,1.4524837732315063,4.7260026931762695,4.779757976531982,0.4247570335865021,3.2958006858825684,-1.117868185043335,5.06646203994751,0.8647197484970093,1.515147089958191,2.6470139026641846,3.844904899597168,3.9556539058685303,0.43840500712394714,5.042776584625244,2.3404831886291504,1.8747557401657104,2.140317916870117,2.9356353282928467,4.305166721343994,4.573571681976318,3.5965874195098877,1.5108407735824585,1.0025460720062256,4.295844078063965,0.41846349835395813,3.631408929824829,4.012402057647705,4.334120273590088,-1.1244208812713623,3.5460948944091797,,3.649137020111084,4.854915618896484,4.019435882568359,4.261642932891846,2.2882742881774902,-3.4352521896362305,3.113680839538574,1.8276246786117554,4.659605026245117,0.24252185225486755,,3.605738878250122,0.09406408667564392,3.3750879764556885,3.766374111175537,4.587618350982666,4.666199207305908,,0.18141725659370422,1.8639912605285645,,2.0666260719299316,0.2698265612125397,1.1925400495529175,2.2870736122131348,1.1766513586044312,-2.6983933448791504,3.4838004112243652,2.2043018341064453,1.4874541759490967,3.4491207599639893,-0.9575687646865845,0.07275471091270447,1.1711368560791016,6.256475925445557,1.218874454498291,,-2.387659788131714,,2.6417462825775146,1.3696627616882324,2.3198885917663574,3.597273349761963,1.0018800497055054,4.700421333312988,2.5018105506896973,-3.97978138923645,-3.604323625564575,4.4962358474731445,1.5661799907684326,3.663959503173828,3.2981550693511963,3.746890068054199,1.8176413774490356,3.7953484058380127,1.8780105113983154,2.064518928527832
UM-UC-3,4.512271404266357,1.9153653383255005,4.794304847717285,,4.869731426239014,,3.0210652351379395,3.2197628021240234,,,1.8995743989944458,0.3141355812549591,0.4241228997707367,3.643064260482788,2.203887701034546,2.7266616821289062,1.2621572017669678,3.8718087673187256,4.871158123016357,2.865734338760376,-1.6926462650299072,5.03668737411499,,,,3.0026042461395264,-4.785984992980957,3.072204351425171,5.197157859802246,,,-2.8331663608551025,2.5473124980926514,2.528634548187256,2.3888843059539795,5.234836101531982,1.003644585609436,4.159032344818115,-1.3530312776565552,-4.320769309997559,2.509417772293091,,-4.769659519195557,5.011966228485107,3.9576451778411865,5.117694854736328,5.451389312744141,,,,-1.2050070762634277,3.380688190460205,1.0372297763824463,3.1828999519348145,5.150559902191162,1.1613194942474365,4.494816780090332,5.027056694030762,,,5.293642997741699,,4.397602081298828,3.476840019226074,3.626138687133789,-2.373431444168091,,4.393173694610596,,,,3.757491111755371,1.6689404249191284,5.111067295074463,1.7607733011245728,,5.068255424499512,,4.44653844833374,4.924503803253174,,3.888474702835083,,5.194912910461426,0.2971749007701874,4.161792755126953,-1.113602638244629,5.199479579925537,0.6740018129348755,3.142426013946533,2.941194534301758,,,0.46405521035194397,5.456901550292969,3.2157413959503174,2.84952974319458,1.6288018226623535,3.3709824085235596,,4.66807222366333,,,0.7910795211791992,4.28128719329834,2.2595489025115967,3.6409575939178467,4.493165016174316,,1.637104868888855,3.9689061641693115,,4.156891822814941,,4.323450088500977,,,-3.4052371978759766,3.4825096130371094,0.4456839859485626,,2.0966615676879883,,3.723806142807007,2.829566240310669,3.683804988861084,4.0952229499816895,,5.22052001953125,,3.0871622562408447,2.0890653133392334,,-4.74948263168335,,4.74724817276001,2.6643221378326416,3.8009755611419678,-4.701457500457764,3.774108648300171,2.4878387451171875,1.1138919591903687,4.18771505355835,0.20296251773834229,2.862041711807251,0.7612507343292236,6.2034783363342285,1.4388872385025024,,0.371197909116745,,2.7973883152008057,,,3.8880722522735596,2.9781925678253174,5.1866559982299805,2.7514655590057373,-4.484334945678711,-3.6248419284820557,4.939579486846924,1.6010587215423584,4.149093151092529,4.053467273712158,,1.5359628200531006,,1.7288457155227661,2.6020307540893555
BFTC-905,4.040595054626465,2.4108779430389404,4.665247440338135,4.2588043212890625,5.117240905761719,2.0605320930480957,1.6255455017089844,3.336423873901367,2.213460922241211,,1.864969253540039,0.49003228545188904,0.23743140697479248,2.919740676879883,0.5633656978607178,2.2452852725982666,1.6701948642730713,2.70912766456604,4.736087799072266,3.135708808898926,-1.2646950483322144,4.997939586639404,3.179448366165161,,,2.6601781845092773,-4.419928550720215,2.8004088401794434,5.074821472167969,,5.178099155426025,-2.003220796585083,2.018860101699829,2.8762080669403076,2.5261311531066895,5.257518768310547,1.9478119611740112,4.663728713989258,-0.9300090074539185,-2.9310526847839355,1.1066302061080933,-3.0577456951141357,-4.651995658874512,5.003446578979492,3.449922561645508,5.247690677642822,5.48189115524292,,2.266789436340332,3.666649580001831,-0.5182108879089355,1.7366442680358887,0.8620929718017578,3.029691219329834,5.001917839050293,0.776186466217041,4.241067409515381,4.893993377685547,3.741987943649292,,5.471058368682861,2.8954436779022217,4.209583759307861,3.202481746673584,1.9188549518585205,-0.994330644607544,3.6142804622650146,4.765475273132324,,2.848808765411377,2.688885450363159,2.9619898796081543,2.444859743118286,5.057786464691162,2.6365036964416504,4.366035461425781,5.136717319488525,4.7149529457092285,3.9386229515075684,5.059032440185547,4.9861369132995605,1.9304596185684204,5.238280296325684,5.335245609283447,0.5471433401107788,3.7492523193359375,-0.9071193933486938,5.564014911651611,0.7124975919723511,2.7412729263305664,3.2643887996673584,4.3242573738098145,4.3343586921691895,0.5596089363098145,5.503631591796875,3.210768222808838,2.6680288314819336,2.1377389430999756,3.827861785888672,4.46704626083374,5.116479873657227,3.850842237472534,3.039994478225708,1.1221544742584229,4.369512557983398,0.6893370151519775,3.7124199867248535,4.556831359863281,4.755789756774902,0.11966276168823242,4.019989490509033,,4.27927827835083,5.353312969207764,4.454190731048584,5.123446464538574,3.2636725902557373,-3.8671767711639404,3.7372946739196777,1.1582555770874023,5.1920881271362305,0.8367235660552979,,3.706521987915039,0.8802793025970459,3.770986557006836,4.010203838348389,5.055910110473633,5.0967817306518555,,1.0913630723953247,2.025695323944092,,-3.0663933753967285,0.2941419184207916,1.2809685468673706,2.6775972843170166,1.9991481304168701,-4.190060615539551,3.8371706008911133,2.6224310398101807,1.5178251266479492,3.818966865539551,-0.6376932859420776,0.7082592248916626,1.1387027502059937,6.480095863342285,1.517887830734253,,-1.325028419494629,,2.8785150051116943,2.560793161392212,3.048049211502075,3.932563543319702,1.854507327079773,5.218215465545654,3.0632128715515137,-4.44216775894165,-4.0421528816223145,4.968605995178223,1.8927688598632812,3.8587467670440674,3.455846071243286,4.174542427062988,2.02492094039917,4.254950523376465,2.0480077266693115,2.4420697689056396
CAL-29,4.397834777832031,2.5146055221557617,4.6177825927734375,4.2593817710876465,4.904942989349365,2.0840611457824707,1.6023998260498047,3.12740421295166,1.9608540534973145,,2.0017871856689453,0.6897838115692139,-0.045660898089408875,2.05902361869812,-0.04798920452594757,1.4946510791778564,2.1071197986602783,2.196727752685547,4.659642219543457,3.161669969558716,-0.09789372980594635,4.924895763397217,3.1441845893859863,,,2.9272210597991943,-4.591625213623047,2.5610804557800293,4.97733736038208,,5.072784423828125,-1.7398097515106201,1.775645136833191,3.145108461380005,2.675736427307129,5.204287052154541,2.2723612785339355,4.651937961578369,-1.3033723831176758,,-0.4439985454082489,-2.8422091007232666,-4.656322956085205,4.903521537780762,3.571394443511963,5.162749290466309,5.436558723449707,,2.339881658554077,3.254953384399414,-0.2078653872013092,1.718548059463501,1.0474060773849487,2.958543539047241,4.86620569229126,0.32642921805381775,4.200164318084717,4.817049503326416,3.777381420135498,,5.420869827270508,2.7950172424316406,4.3842854499816895,3.173645496368408,1.962575912475586,-0.4722013771533966,3.1884608268737793,4.567708969116211,,2.7613816261291504,2.2820546627044678,2.1287357807159424,2.6940324306488037,4.996161937713623,2.3491246700286865,4.509491443634033,4.907320976257324,4.599764823913574,4.024482727050781,4.97627067565918,4.916024684906006,1.5305227041244507,5.135506629943848,5.2431769371032715,0.8244848251342773,3.8679051399230957,-1.0214236974716187,5.43681526184082,1.0617549419403076,1.8497331142425537,3.1656882762908936,4.334918975830078,4.249018669128418,0.8215336799621582,5.464083194732666,2.7345197200775146,2.662764549255371,2.3545429706573486,3.436708927154541,4.519796371459961,4.87283992767334,3.9252023696899414,2.5949840545654297,1.143241047859192,4.496119499206543,0.06239341199398041,4.151699066162109,4.518601417541504,4.710989952087402,1.9520865678787231,3.822324514389038,,4.147937297821045,5.284988880157471,4.4396586418151855,4.764588356018066,2.9954586029052734,-3.215176582336426,3.6968493461608887,1.4677060842514038,5.088144302368164,0.2668715715408325,,3.90228533744812,2.4818198680877686,3.7320847511291504,4.057084560394287,4.942791938781738,5.0177412033081055,,2.8235840797424316,2.0338845252990723,,-3.2162652015686035,0.5585936307907104,1.0630027055740356,2.6433217525482178,3.563655376434326,-3.498411178588867,3.844958782196045,2.6542844772338867,,3.7742581367492676,-0.28112924098968506,0.3749254643917084,1.2457642555236816,6.582824230194092,1.0370557308197021,,0.6140915155410767,,2.9509072303771973,1.839442491531372,2.986745595932007,4.114884376525879,2.803814172744751,5.152617931365967,2.8468832969665527,-3.9148385524749756,-3.3315680027008057,4.923105239868164,1.9480375051498413,3.750164031982422,3.3873250484466553,4.104177474975586,2.214390277862549,4.245993614196777,2.085810899734497,2.5736782550811768
639-V,4.356020927429199,1.9164599180221558,4.7541422843933105,4.356184482574463,4.948781967163086,1.209096074104309,2.846693992614746,3.015742063522339,1.5967798233032227,,1.8766050338745117,-0.1081068217754364,0.10764649510383606,3.199690818786621,1.9731483459472656,2.319962739944458,0.5948089957237244,3.4276368618011475,4.86043119430542,2.728447675704956,-2.3546648025512695,5.030862808227539,3.252542495727539,,,2.7789859771728516,-4.622922897338867,2.921963691711426,5.189178943634033,,5.176775932312012,-2.7319328784942627,2.343428134918213,2.4169299602508545,2.579082727432251,5.275374889373779,0.8952230215072632,4.5993852615356445,-1.5090572834014893,,1.0546066761016846,-3.0099637508392334,-4.620469570159912,5.032575607299805,3.7398533821105957,5.184178352355957,5.56532621383667,,2.082951784133911,3.785719156265259,-1.399922251701355,3.171839475631714,0.8495596647262573,3.086928129196167,5.107516288757324,0.6324729919433594,4.338369369506836,4.979984283447266,3.9264488220214844,,5.384049892425537,2.9807889461517334,,3.3903238773345947,3.4319398403167725,-2.6084673404693604,3.593780994415283,4.469654560089111,,2.946960210800171,4.347102642059326,3.274244785308838,1.7489452362060547,5.103785037994385,1.9725539684295654,4.276256084442139,5.0364885330200195,4.80072546005249,4.273930072784424,5.020013332366943,5.051328182220459,3.428757667541504,5.096007347106934,5.234029293060303,-0.01399405300617218,4.078232288360596,-1.112953543663025,5.324825763702393,0.32050859928131104,2.7120158672332764,3.06699275970459,4.514894485473633,4.681237697601318,0.28770649433135986,5.523464679718018,3.2020537853240967,3.0222063064575195,1.6781318187713623,3.630516290664673,4.164237022399902,5.078935146331787,4.1945109367370605,2.70125675201416,0.690019965171814,4.128233909606934,2.072869062423706,3.5940635204315186,4.433915138244629,4.464808940887451,3.121138095855713,3.9225800037384033,,4.225641250610352,5.417243003845215,4.5240092277526855,4.637546539306641,3.43247389793396,-3.8496129512786865,3.719231605529785,0.3132607638835907,5.30161714553833,1.222720742225647,,3.5092101097106934,3.8665878772735596,3.7093286514282227,4.040591716766357,4.894656181335449,5.196293354034424,,3.8954644203186035,2.0888826847076416,,-4.541196823120117,-0.29473772644996643,4.255544185638428,2.671788215637207,4.609057903289795,-4.62833833694458,3.8534226417541504,2.5735106468200684,,4.0112504959106445,-0.0669524222612381,1.8931485414505005,0.6419512033462524,6.437453746795654,0.8440936803817749,,1.9453307390213013,,2.843374490737915,2.7966740131378174,3.1044414043426514,3.9215972423553467,3.507390022277832,5.255674362182617,2.9492886066436768,-4.690522193908691,-4.088557720184326,4.953670978546143,1.636355996131897,3.8332531452178955,3.8402903079986572,4.159876346588135,1.593359351158142,4.383256912231445,1.7652379274368286,2.385612964630127
SW 780,4.458126544952393,2.5454373359680176,4.399435520172119,4.084651470184326,4.803660869598389,2.586160898208618,2.016902446746826,3.341318368911743,2.2324023246765137,,2.2704262733459473,0.7864629030227661,0.2185860276222229,2.6407558917999268,0.9375970363616943,2.087130308151245,2.6609904766082764,2.6043312549591064,4.4774885177612305,3.2548744678497314,0.5125951766967773,4.723638534545898,3.149149179458618,,,3.5689215660095215,-4.4878363609313965,2.8009777069091797,4.770813941955566,,4.879676342010498,-1.3528077602386475,2.183497905731201,3.5566699504852295,2.69356632232666,4.9635725021362305,2.717353582382202,4.353274345397949,-1.1019997596740723,,1.205000638961792,-2.72151517868042,-4.3413825035095215,4.679636001586914,3.4728503227233887,4.942050457000732,5.208815097808838,,2.247906446456909,3.3768272399902344,0.11221423745155334,2.236717939376831,1.2249906063079834,2.9419567584991455,4.689464092254639,0.7412992715835571,4.133171081542969,4.645089626312256,3.7123444080352783,,5.18259334564209,2.8032851219177246,4.341789722442627,3.1762475967407227,2.422861337661743,1.8933844566345215,3.1216747760772705,4.404825210571289,,2.757270336151123,3.1284070014953613,2.680645227432251,3.321662664413452,4.781839370727539,2.484074831008911,4.5051374435424805,4.794910430908203,4.471044540405273,3.8707799911499023,4.785607814788818,4.71112585067749,2.2636334896087646,4.893805980682373,5.005061626434326,0.7420804500579834,3.746269702911377,-1.0156596899032593,5.216604232788086,1.258891224861145,2.407249689102173,3.1498959064483643,4.115678310394287,4.17395544052124,0.712626576423645,5.24723482131958,2.9224042892456055,2.6407721042633057,2.3660013675689697,3.3592441082000732,4.412986755371094,4.646914005279541,3.7774908542633057,2.6226606369018555,1.1368024349212646,4.433727741241455,1.1588352918624878,4.071108818054199,4.373172760009766,4.632256031036377,0.5900733470916748,3.8306429386138916,,3.9997711181640625,5.070622444152832,4.179701805114746,4.751958847045898,2.975391149520874,-2.9174575805664062,3.6044137477874756,2.0223195552825928,4.90049409866333,0.931432843208313,,3.8309175968170166,1.491750955581665,3.6753060817718506,3.9524104595184326,4.782726764678955,4.887054443359375,,1.9401814937591553,2.1107676029205322,,0.959614634513855,0.4342140257358551,2.2279272079467773,2.6419882774353027,2.7871100902557373,-2.63179087638855,3.729689359664917,2.623307704925537,,3.7308402061462402,-0.23750287294387817,1.0333172082901,1.3008660078048706,6.2586541175842285,1.4638643264770508,,-0.6392155885696411,,2.8663346767425537,2.288666248321533,2.9675097465515137,3.9542899131774902,2.405853033065796,4.9116597175598145,2.8341574668884277,-3.5194716453552246,-3.0890252590179443,4.7077789306640625,1.9648550748825073,3.7980220317840576,3.4940295219421387,3.9786250591278076,2.359187364578247,4.053341865539551,2.480715751647949,2.7417845726013184
SW-1710,4.417604923248291,1.71671462059021,5.081995964050293,4.83354377746582,5.030689239501953,1.9643827676773071,3.0245468616485596,3.394821882247925,2.3505663871765137,,2.342885971069336,0.6424804925918579,0.4202500879764557,2.800042152404785,2.0438807010650635,2.607100486755371,1.7444275617599487,3.643484115600586,5.0357513427734375,3.237534761428833,-0.28939568996429443,5.35585355758667,3.622894525527954,,,3.1301896572113037,-4.463846206665039,2.334575653076172,5.501996040344238,,5.38753604888916,-1.9047002792358398,2.245748996734619,3.076136350631714,2.726940393447876,5.607921123504639,2.082481861114502,4.346026420593262,-1.1099967956542969,-2.8747096061706543,-1.146754264831543,-2.1609230041503906,-4.373232364654541,5.362405300140381,4.249876022338867,5.532898902893066,5.799436569213867,,2.720187187194824,3.5177814960479736,-0.18153798580169678,3.3346993923187256,1.0743389129638672,3.608628511428833,5.417104721069336,0.9131996631622314,4.772465229034424,5.320716857910156,4.02199649810791,,5.6933369636535645,3.304459571838379,4.766239166259766,3.772211790084839,3.6532647609710693,-0.499066561460495,3.1567203998565674,4.775976657867432,,3.344139337539673,4.475700855255127,3.350687265396118,2.578742742538452,5.432243824005127,1.968666672706604,4.855413913726807,5.285347938537598,5.071211338043213,4.831902503967285,5.201061725616455,5.286975383758545,3.667959690093994,5.397904396057129,5.579820156097412,0.6478419303894043,4.425380706787109,-0.8660154342651367,5.648936748504639,1.0295355319976807,2.8315165042877197,3.3138060569763184,4.984714508056641,4.9741668701171875,0.7882256507873535,5.780304908752441,3.1173222064971924,3.030557870864868,1.5733683109283447,3.3701250553131104,4.451168060302734,4.0193586349487305,4.729554653167725,2.275251626968384,1.2562941312789917,4.618196964263916,2.1407508850097656,3.8166685104370117,4.905734062194824,4.800850868225098,1.593973159790039,3.8716683387756348,,4.358227252960205,5.647841453552246,4.47635555267334,4.668300628662109,3.2730824947357178,-2.4576776027679443,3.373297929763794,1.3025140762329102,5.546186447143555,1.2894684076309204,,4.175453186035156,2.4288783073425293,3.810446262359619,4.327705383300781,5.149157524108887,5.392142295837402,,2.9179909229278564,2.3805930614471436,,-3.1163828372955322,0.5445601940155029,4.280220985412598,3.054821491241455,3.745466470718384,-4.236055374145508,4.0434651374816895,3.068680763244629,1.8011027574539185,4.372426986694336,0.33339887857437134,1.8933947086334229,1.3978006839752197,6.7981767654418945,1.3163321018218994,,0.356934517621994,,3.2912328243255615,2.9932596683502197,3.4235281944274902,4.0658440589904785,3.068380117416382,5.533950328826904,2.9825284481048584,-3.4979054927825928,-2.6296074390411377,5.308267116546631,2.113697052001953,4.215625762939453,3.932994842529297,4.184195518493652,2.314321994781494,4.811164379119873,2.6593525409698486,2.956395387649536
5637,4.921234607696533,1.4101499319076538,4.652101993560791,4.271111011505127,5.090125560760498,2.6956076622009277,2.125575542449951,3.3293280601501465,2.3022685050964355,,2.6503448486328125,0.5570679903030396,0.4330771267414093,3.2093536853790283,1.6410815715789795,2.663710117340088,2.590583324432373,3.3500378131866455,4.823433876037598,3.3007705211639404,0.15216434001922607,4.971840858459473,3.4878547191619873,,,4.116066932678223,-4.4393439292907715,2.650864839553833,5.106659889221191,,5.178891658782959,-0.9870736598968506,2.145189046859741,3.880894899368286,2.9100801944732666,5.245434761047363,3.0449843406677246,4.611086368560791,-0.9551907777786255,,0.11419500410556793,-2.769413948059082,-4.45035982131958,5.013586044311523,3.5048789978027344,5.226088523864746,5.557211399078369,,2.4204466342926025,3.731440544128418,0.3791745603084564,2.512077808380127,0.9296516180038452,2.997421979904175,4.9609904289245605,0.9740030765533447,4.3391194343566895,4.90339994430542,3.865661382675171,,5.486566066741943,2.941973924636841,4.62279748916626,3.2558553218841553,2.715337038040161,2.282310724258423,3.8762645721435547,4.724560260772705,,2.841165781021118,3.895535469055176,3.4136040210723877,3.7074532508850098,5.088104248046875,2.6495702266693115,4.7662553787231445,5.097038269042969,4.788533687591553,4.033344745635986,5.096830368041992,5.018153190612793,3.1502606868743896,5.113827705383301,5.304251670837402,0.5882025957107544,3.9196910858154297,-1.149572491645813,5.522547721862793,1.0558371543884277,3.17456316947937,3.433054208755493,4.461648941040039,4.545708656311035,0.4265177547931671,5.534941673278809,3.319734573364258,2.8902950286865234,1.1904113292694092,3.5915284156799316,4.744466304779053,5.279168128967285,3.917903423309326,3.129917621612549,1.0829682350158691,4.642259120941162,1.6852997541427612,4.393926620483398,4.640557289123535,4.816080093383789,0.6655274629592896,3.9060580730438232,,4.173272609710693,5.344151496887207,4.4311957359313965,5.038392543792725,3.5911262035369873,-3.0373575687408447,4.138957500457764,2.0693066120147705,5.17561674118042,1.343470573425293,,3.881256341934204,1.5698139667510986,3.932112216949463,4.06855583190918,5.018702507019043,5.110006809234619,,2.1431338787078857,2.1060752868652344,,2.4211349487304688,0.36918583512306213,3.050027847290039,2.6272361278533936,3.07303786277771,-4.45053243637085,3.9541497230529785,2.6331729888916016,,3.854483127593994,0.21432310342788696,1.7324974536895752,1.302398920059204,6.682969093322754,1.7269927263259888,,-0.3815061151981354,,2.8556740283966064,3.0381019115448,3.5550718307495117,4.269649982452393,2.660297155380249,5.19716215133667,2.8730335235595703,,-2.9385621547698975,4.973247051239014,1.906541109085083,3.690248966217041,3.4434244632720947,4.20278787612915,2.5418286323547363,4.307571887969971,3.0753374099731445,3.059483528137207
J82,5.002649307250977,2.3176939487457275,4.903426647186279,4.554481506347656,5.111230850219727,2.1117870807647705,2.9261815547943115,3.202190637588501,1.9618597030639648,,2.4079067707061768,0.42611584067344666,0.05283720791339874,2.826144218444824,2.0272762775421143,2.3465182781219482,2.309931993484497,3.482228994369507,5.041561126708984,3.3228180408477783,-0.5382025241851807,5.218302249908447,3.5543019771575928,,,3.939531087875366,-4.527551651000977,2.9054129123687744,5.360193252563477,,5.391934394836426,-1.2117912769317627,2.2786753177642822,3.745225667953491,3.023024320602417,5.461764335632324,2.706373929977417,4.687716484069824,-1.5272653102874756,,-0.3948199450969696,-2.679763078689575,-4.4504570960998535,5.224403381347656,3.8731706142425537,5.392184734344482,5.723924160003662,,2.6268222332000732,3.6065871715545654,-0.18532145023345947,3.2774927616119385,1.0785391330718994,3.194166660308838,5.281046390533447,0.5169881582260132,4.5294928550720215,5.166958808898926,3.996405601501465,,5.640290260314941,3.0940659046173096,4.704704284667969,3.5245466232299805,3.5600242614746094,1.5652974843978882,3.620792865753174,4.697372913360596,,3.0308427810668945,4.429572582244873,3.187946319580078,3.376682996749878,5.306942939758301,2.4729034900665283,4.832910537719727,5.2473320960998535,4.972480297088623,4.452568054199219,5.229824542999268,5.239845275878906,3.545609951019287,5.2750630378723145,5.48492956161499,0.48528817296028137,4.295346736907959,-1.2318594455718994,5.622344017028809,0.9628833532333374,2.796168804168701,3.3882691860198975,4.73399543762207,4.848304271697998,0.47861775755882263,5.711028099060059,3.148677110671997,3.1108880043029785,2.0559322834014893,3.5225300788879395,4.827770709991455,5.247126579284668,4.306018352508545,2.803586483001709,0.8851441144943237,4.798384189605713,2.063882827758789,4.553613662719727,4.788525104522705,4.809183120727539,2.969223976135254,3.8931140899658203,,4.275701522827148,5.560488700866699,4.592743396759033,4.847548484802246,3.5020604133605957,-3.05674409866333,4.025824069976807,1.5865275859832764,5.456058502197266,1.013283133506775,,3.977125644683838,3.6280996799468994,3.963017225265503,4.263458251953125,5.116754055023193,5.407070636749268,,3.872635841369629,2.1797823905944824,,1.2854188680648804,0.1962873339653015,4.300911903381348,2.798468589782715,4.564013481140137,-4.526760578155518,4.079687595367432,2.8774447441101074,,4.10780143737793,0.07896476984024048,1.868130087852478,1.0778132677078247,6.754293918609619,0.9996196031570435,,1.4989147186279297,,3.0349366664886475,2.828747034072876,3.553610324859619,4.336401462554932,3.550088882446289,5.444877624511719,3.2169554233551025,-3.796536922454834,-2.9997541904449463,5.160861492156982,2.0153398513793945,3.8985464572906494,3.7264771461486816,4.261760234832764,2.2788403034210205,4.575089454650879,2.709746837615967,3.1489522457122803
RT4,4.563323974609375,2.6960325241088867,4.257898330688477,4.0145745277404785,4.845920562744141,3.8814051151275635,2.40262508392334,3.6594200134277344,3.036296844482422,,3.3291239738464355,1.371010661125183,0.8640834093093872,3.227762222290039,0.4796399176120758,2.5205278396606445,3.5804271697998047,2.9733519554138184,4.431033134460449,3.6317942142486572,1.3960977792739868,4.561776161193848,3.6468148231506348,,,4.238970756530762,-3.956726312637329,3.534374952316284,4.610074996948242,,4.830069541931152,-1.122969388961792,2.8995628356933594,3.842128276824951,3.5276827812194824,4.831150531768799,3.6702470779418945,4.710111141204834,-0.2185618281364441,,3.366773843765259,-2.1217901706695557,-3.8831136226654053,4.537598609924316,3.444949150085449,4.872614860534668,5.232797622680664,,2.6601455211639404,3.994488000869751,0.4538969099521637,2.6415505409240723,2.120802640914917,3.0561885833740234,4.540834903717041,1.2457703351974487,4.1451005935668945,4.48498010635376,4.074047088623047,,5.195128917694092,3.2142410278320312,4.4354166984558105,3.3746190071105957,2.7254419326782227,2.8101930618286133,4.141337871551514,4.5123610496521,,3.0472261905670166,3.0277066230773926,3.1034858226776123,3.796475887298584,4.644181728363037,3.677619457244873,4.49579381942749,4.781246185302734,4.383999824523926,3.7229039669036865,4.758545875549316,4.597460746765137,2.2846174240112305,4.872797012329102,4.983922958374023,1.0582258701324463,3.815469264984131,-0.7344064712524414,5.303591728210449,1.9636714458465576,2.8471972942352295,3.7012171745300293,3.9554245471954346,4.066596508026123,1.1052240133285522,5.266923904418945,3.6585004329681396,3.3843297958374023,2.4946744441986084,3.8875484466552734,4.463142395019531,4.786484241485596,3.588294506072998,3.8623862266540527,1.4450945854187012,4.358922481536865,0.630482017993927,4.114520072937012,4.296120643615723,4.6887898445129395,3.3044838905334473,4.203245162963867,,4.256807327270508,5.053956031799316,4.562297344207764,4.961361408233643,3.9569857120513916,-2.2226662635803223,4.259652614593506,2.897401809692383,4.809272766113281,1.308313250541687,,3.9097847938537598,3.728717088699341,3.926912307739258,3.9716193675994873,4.777403354644775,4.833713054656982,,3.864187002182007,2.194995880126953,,-0.004813820123672485,0.5061973333358765,2.200547933578491,2.995185375213623,4.399514198303223,-1.1258060932159424,3.8527705669403076,2.876657247543335,,3.8349826335906982,0.5399092435836792,1.2681677341461182,1.7099947929382324,6.365046501159668,1.814082145690918,,2.201101303100586,,3.0656752586364746,2.703565835952759,3.804049015045166,4.291913032531738,3.6763217449188232,4.8539018630981445,2.9980156421661377,-2.729466438293457,-2.4839134216308594,4.579532623291016,2.175487756729126,3.870007038116455,3.8217685222625732,4.288657188415527,3.368227958679199,3.994525194168091,3.3578150272369385,3.4750421047210693
647-V,5.188287734985352,2.344259738922119,5.055576324462891,4.839601039886475,5.388056755065918,2.9097859859466553,2.2410354614257812,3.917234182357788,2.817289113998413,,2.7741658687591553,1.082390546798706,0.5875169038772583,2.8272104263305664,1.1802512407302856,2.7518904209136963,2.729591131210327,3.5971016883850098,5.093649864196777,3.9551758766174316,0.9580132961273193,5.35034704208374,4.1075921058654785,,,4.1793365478515625,-4.196593284606934,2.896042823791504,5.429893970489502,,5.482641220092773,-0.7746131420135498,2.3208096027374268,4.267739295959473,3.430081367492676,5.580247402191162,3.3300230503082275,4.930105209350586,-0.5595097541809082,,-0.3827909529209137,-1.902104139328003,-4.042311668395996,5.352805137634277,4.046433448791504,5.561107635498047,5.917256832122803,,3.080860137939453,3.7960927486419678,0.6482081413269043,2.517441749572754,1.4155687093734741,3.4928998947143555,5.34576940536499,0.9904398918151855,4.8545074462890625,5.278158664703369,4.3008856773376465,,5.844814777374268,3.367816925048828,4.965853214263916,3.7252743244171143,2.8391342163085938,1.619942307472229,4.0719313621521,5.144277572631836,,3.2320637702941895,3.612337112426758,3.5377256870269775,4.081944465637207,5.414560317993164,2.986583948135376,5.165676116943359,5.417999744415283,5.068575859069824,4.614719867706299,5.379734992980957,5.3218231201171875,2.851606607437134,5.465994834899902,5.655811786651611,1.049332618713379,4.559247970581055,-0.8572477102279663,5.885855674743652,1.4874616861343384,3.17905330657959,3.9752116203308105,4.943746089935303,4.816711902618408,0.9798766374588013,5.8759074211120605,3.717733383178711,3.529705047607422,2.15661358833313,4.086506366729736,5.012406349182129,5.4551920890808105,4.386195182800293,3.2628636360168457,1.4416583776474,5.011096000671387,1.2065261602401733,4.84103536605835,5.129981517791748,5.238100051879883,1.660722017288208,4.347225189208984,,4.717903137207031,5.662806987762451,4.696426868438721,5.4287238121032715,3.8452022075653076,-2.3104093074798584,4.527651786804199,2.5432755947113037,5.5090765953063965,1.1463159322738647,,4.354236125946045,2.277153253555298,4.438783645629883,4.526284217834473,5.403561115264893,5.417431831359863,,2.849081516265869,2.235119581222534,,-0.22084125876426697,0.7642947435379028,2.4408986568450928,3.0622644424438477,3.7508914470672607,-4.221436023712158,4.454260349273682,3.1537530422210693,,4.443164825439453,0.5043860673904419,1.5134334564208984,1.7080663442611694,7.125155448913574,1.606884241104126,,0.5607324838638306,,3.270467758178711,3.1635184288024902,4.116179466247559,4.676448822021484,3.159679651260376,5.5388360023498535,3.2597148418426514,-2.769566059112549,-2.1383562088012695,5.360255718231201,2.320870876312256,4.150997161865234,3.7439804077148438,4.536102771759033,2.9638516902923584,4.866009712219238,3.465125322341919,3.412548780441284
T24,5.269394874572754,2.4591715335845947,5.106535911560059,4.850555419921875,5.331432819366455,2.2709767818450928,3.213149070739746,3.857837200164795,2.1566684246063232,3.9359652996063232,2.525907278060913,0.9212734699249268,,3.426203966140747,2.3269050121307373,3.0446670055389404,2.6091740131378174,4.184908866882324,5.275664806365967,3.8405137062072754,0.24079564213752747,5.461740493774414,3.8990488052368164,3.239638090133667,5.244133949279785,,-4.648157596588135,3.0967822074890137,5.613469123840332,5.326040267944336,5.6521315574646,-1.7703800201416016,2.6946756839752197,,3.3398823738098145,5.681490898132324,,4.586348533630371,-1.2659146785736084,-3.167637586593628,-0.13222971558570862,-2.357349395751953,-4.495608806610107,5.4903669357299805,4.199776649475098,5.639840602874756,5.984096527099609,-0.9737681150436401,2.593844175338745,3.907947063446045,-0.27756181359291077,3.762791872024536,1.3384206295013428,3.463918685913086,5.526171684265137,0.977434515953064,4.839766025543213,5.428635120391846,4.305239677429199,3.3840479850769043,,3.306788921356201,4.81898832321167,3.758051872253418,3.9626097679138184,0.48879364132881165,3.6435723304748535,4.95388126373291,2.898155689239502,3.2645885944366455,5.100390434265137,3.986110210418701,3.049075126647949,5.570825576782227,2.615036964416504,5.1214070320129395,5.553533554077148,5.213876247406006,4.767698764801025,5.424416542053223,5.481133937835693,4.250211715698242,5.484081268310547,5.731729507446289,0.8534359931945801,4.640705108642578,-1.2190663814544678,5.798798084259033,1.3879144191741943,3.498999834060669,3.6641266345977783,5.01753568649292,5.151193141937256,0.7797205448150635,5.938226222991943,3.615776538848877,3.4248533248901367,2.226362705230713,3.7430977821350098,4.9014081954956055,5.3187127113342285,4.534496784210205,2.799602746963501,,4.961863994598389,2.3625667095184326,4.790870666503906,5.105508804321289,4.996725559234619,1.2966605424880981,4.260322570800781,4.1047210693359375,4.543797492980957,5.772088527679443,4.633024215698242,5.013204574584961,3.7074315547943115,-2.6590471267700195,4.262948989868164,1.5889952182769775,5.674587726593018,1.7744532823562622,2.8452913761138916,4.20497465133667,2.3392138481140137,4.185677528381348,4.542605876922607,5.357114791870117,5.640349864959717,4.181087493896484,3.1554484367370605,2.2488694190979004,5.3567023277282715,-1.7123634815216064,0.5057299137115479,4.913616180419922,3.0554447174072266,3.8286454677581787,-4.661801815032959,4.255091667175293,3.0757532119750977,,4.500278949737549,0.4103953242301941,2.726790189743042,1.3399559259414673,6.956521987915039,1.5207704305648804,2.8611714839935303,-0.05218338966369629,5.570723533630371,,3.487506151199341,3.868868112564087,4.54308557510376,3.2995543479919434,5.677538871765137,3.2288453578948975,,-2.5716843605041504,5.4096360206604,2.041046142578125,4.302166938781738,4.011050701141357,4.446745872497559,2.3811354637145996,4.833220958709717,2.7760560512542725,3.36887526512146
TCCSUP,5.507583141326904,2.8939361572265625,5.179167747497559,4.949544906616211,5.437558650970459,2.9547770023345947,3.2589221000671387,3.645270347595215,2.7608861923217773,,3.0316848754882812,0.9247907400131226,0.44231274724006653,3.253678560256958,2.434277296066284,2.7374892234802246,2.995314836502075,3.941829204559326,5.311015605926514,3.8519957065582275,1.0216854810714722,5.44312047958374,4.041752815246582,,,4.424479961395264,-4.305913925170898,3.368140697479248,5.569793224334717,,5.607183933258057,-0.45368441939353943,2.5752665996551514,4.300217151641846,3.510939836502075,5.664104461669922,3.2901151180267334,4.985893249511719,-0.8289083242416382,,0.27571749687194824,-1.8780114650726318,-4.017858982086182,5.465189456939697,4.1471099853515625,5.617138862609863,5.97902774810791,,3.2238118648529053,3.9561073780059814,0.5640572309494019,3.72640323638916,1.5129563808441162,3.5529799461364746,5.484956741333008,1.0310527086257935,4.930144786834717,5.412783145904541,4.27970552444458,,5.862991809844971,3.420044422149658,5.105558395385742,3.801227569580078,3.866591453552246,2.4463486671447754,4.0343852043151855,5.072535037994385,,3.3628361225128174,4.9812912940979,3.5851755142211914,4.139956474304199,5.54325008392334,3.1370339393615723,5.318802356719971,5.521457195281982,5.290075778961182,4.818768501281738,5.484035968780518,5.469891548156738,4.052626132965088,5.517245769500732,5.711897850036621,1.006110429763794,4.666900157928467,-0.9494487047195435,5.852999687194824,1.5126546621322632,3.288217067718506,3.8839540481567383,5.080770492553711,5.159381866455078,0.9499621391296387,5.946747779846191,3.6328048706054688,3.493058443069458,2.711007595062256,3.9740610122680664,5.1155195236206055,5.467203617095947,4.597706317901611,3.3234293460845947,1.2162904739379883,5.111316680908203,2.4533822536468506,4.993691444396973,5.207052230834961,5.223642826080322,2.2067227363586426,4.150265693664551,,4.618595600128174,5.761908054351807,4.869621276855469,5.31233549118042,3.925591468811035,-2.0032505989074707,4.40311336517334,2.260664463043213,5.64298677444458,1.5318255424499512,,4.314334392547607,2.8106133937835693,4.316051006317139,4.553555488586426,5.441212177276611,5.605518817901611,,3.4598262310028076,2.4696462154388428,,2.4065487384796143,0.6311208009719849,4.621692657470703,3.109266519546509,4.252069473266602,-4.248051643371582,4.4209303855896,3.204204559326172,,4.464003086090088,0.4250929057598114,2.2478325366973877,1.473991870880127,7.134949207305908,1.5539686679840088,,0.8392499685287476,,3.3104400634765625,3.2350263595581055,4.151176452636719,4.7406840324401855,3.602294921875,5.638707160949707,3.5367188453674316,-2.7242166996002197,-1.9758784770965576,5.438893795013428,2.5475242137908936,4.1989336013793945,3.9261724948883057,4.536552429199219,2.99336314201355,4.920764446258545,3.456454038619995,3.781136989593506
