tissue,drug_name,n_cells,slope,sd_ratio
URINARY_TRACT,5-Fluorouracil,15,0.6043751301165983,0.5607257621120105
URINARY_TRACT,ABT737,15,-0.5378365285241642,0.4313217684093804
URINARY_TRACT,AGI-5198,15,0.14771861615231166,0.5299350187146106
URINARY_TRACT,AGI-6780,14,0.6377140965636365,0.49438735553053437
URINARY_TRACT,AMG-319,15,-0.355968903612688,0.5129805041606608
URINARY_TRACT,AZ960,14,0.4993403865731155,0.5389648342267549
URINARY_TRACT,AZD3759,15,0.6551575846341008,0.7866392474452218
URINARY_TRACT,AZD4547,15,0.5722568750776632,0.2273880489634963
URINARY_TRACT,AZD5582,14,0.27589943679568435,0.23852219946206987
URINARY_TRACT,AZD6738,15,0.7282468999028395,0.4973434225495384
URINARY_TRACT,AZD7762,15,0.24110598599736563,0.5953862660794459
URINARY_TRACT,AZD8055,13,0.10281843938176581,0.4137939880435481
URINARY_TRACT,AZD8186,15,0.3770426716640277,0.5474704749873909
URINARY_TRACT,Afatinib,15,0.6689950361703665,0.6966235014421347
URINARY_TRACT,Afuresertib,15,1.337210313080546,0.5615800184576071
URINARY_TRACT,Alisertib,15,-0.20868456266076266,0.5637094533005161
URINARY_TRACT,Alpelisib,15,1.1262180351904458,0.5378081658567536
URINARY_TRACT,Avagacestat,15,0.7205045142802741,0.42283573242434735
URINARY_TRACT,Axitinib,14,0.7202563676042717,0.3394704347692731
URINARY_TRACT,BI-2536,15,0.11206623797208164,0.46185388704418673
URINARY_TRACT,BIBR-1532,15,0.6621285360579464,0.5554220273613799
URINARY_TRACT,BMS-345541,14,0.3745151087125045,0.4697292775389364
URINARY_TRACT,Bleomycin (50 uM),14,0.76823459389975,0.3911861165651595
URINARY_TRACT,Bortezomib,15,-0.1853326803532338,0.3728537417756709
URINARY_TRACT,Bosutinib,15,1.0266645756486814,0.4036676944034058
URINARY_TRACT,CCT007093,15,0.5906878607719773,0.5153100656518369
URINARY_TRACT,CZC24832,14,-0.02463718336848706,0.6932649564116672
URINARY_TRACT,Camptothecin,15,0.5407389115075688,0.48118149384645403
URINARY_TRACT,Cediranib,15,0.35866713450136334,0.37076604155414294
URINARY_TRACT,Cisplatin,14,-0.16882493378476104,0.41889524645397413
URINARY_TRACT,Crizotinib,15,0.21990360169131246,0.6276808233807579
URINARY_TRACT,Cyclophosphamide,15,0.17997212466058404,0.7835627411191824
URINARY_TRACT,Cytarabine,14,0.16478964914236646,0.5281762389144025
URINARY_TRACT,Dabrafenib,15,1.0822615510510607,0.39238309971015944
URINARY_TRACT,Dactolisib,15,-0.2715940540188529,0.43387453755215644
URINARY_TRACT,Dasatinib,15,0.29856463663484134,0.7869467291199581
URINARY_TRACT,Dinaciclib,14,1.1930337920270644,0.3177936734494871
URINARY_TRACT,Docetaxel,15,0.6818612115573771,0.21111397474826973
URINARY_TRACT,Doramapimod,15,0.16127895413617235,0.7706217945793329
URINARY_TRACT,EHT-1864,15,0.38294391161014524,0.4244748267460972
URINARY_TRACT,EPZ004777,15,0.08202429512858,0.57173163582013
URINARY_TRACT,EPZ5676,15,-0.05121669827965212,0.6275311343640029
URINARY_TRACT,Entinostat,14,0.4183375613700791,0.4623231180935325
URINARY_TRACT,Entospletinib,14,0.32004073859286586,0.6970238320496329
URINARY_TRACT,Epirubicin,15,0.6074254955477214,0.5083643899097577
URINARY_TRACT,Erlotinib,15,0.5414020289547948,0.6361451256105142
URINARY_TRACT,Foretinib,15,0.03007304803470074,0.4323759554101374
URINARY_TRACT,Fulvestrant,15,0.14960863195013516,0.5028070679280146
URINARY_TRACT,GDC0810,15,0.018415273086357827,0.5535018710404782
URINARY_TRACT,GNE-317,15,0.7676875734359772,0.3105850924836761
URINARY_TRACT,GSK1904529A,15,0.4020489320409304,0.5874587066501238
URINARY_TRACT,GSK2578215A,15,0.6621529130854671,0.7715520224554206
URINARY_TRACT,GSK2606414,14,1.0538929575367122,0.4391974061186586
URINARY_TRACT,GSK2830371,14,0.5536261437622536,0.5265290481081725
URINARY_TRACT,GSK343,14,-0.20640597604875513,0.5842490889829677
URINARY_TRACT,GSK591,14,0.47886616073347593,0.4431606191430904
URINARY_TRACT,GW441756,15,0.42775937069213815,0.40239903721103704
URINARY_TRACT,Gefitinib,15,0.417662945654335,0.8625938108098807
URINARY_TRACT,Gemcitabine,15,0.2870892975141274,0.6689007664238863
URINARY_TRACT,I-BET-762,14,0.656970246346954,0.5844132374938571
URINARY_TRACT,I-BRD9,15,0.21964493981602665,0.39012647874406947
URINARY_TRACT,IWP-2,14,0.48803984621472885,0.5370139201526596
URINARY_TRACT,Ibrutinib,14,0.655736859484417,0.8153731870182908
URINARY_TRACT,Ipatasertib,15,0.9792145237968151,0.6260006393582064
URINARY_TRACT,Irinotecan,15,0.38658607212285295,0.4838775815738519
URINARY_TRACT,JNK Inhibitor VIII,15,0.20581101327269766,0.6455289986238887
URINARY_TRACT,JQ1,15,0.9032208423911225,0.36511386691527387
URINARY_TRACT,KRAS (G12C) Inhibitor-12,14,1.755312039971252,0.32608591369278184
URINARY_TRACT,KU-55933,15,-0.27099339918676363,0.43292609041179597
URINARY_TRACT,LCL161,14,0.609801406948177,0.5282860354493173
URINARY_TRACT,LGK974,15,0.6324193905804643,0.6200951924994914
URINARY_TRACT,LJI308,15,0.6034561576086988,0.42321487262846125
URINARY_TRACT,LY2109761,14,0.2705015969763306,0.47358624229719115
URINARY_TRACT,Lapatinib,15,0.7249026450117875,0.7029834073916456
URINARY_TRACT,Leflunomide,14,0.6351614943187714,0.44323765351273825
URINARY_TRACT,Lenalidomide,15,0.6419664992560905,0.6653124206577489
URINARY_TRACT,Lestaurtinib,15,-0.4180461131249826,0.25166874362296837
URINARY_TRACT,Linsitinib,15,0.6062124530987749,0.5918359781272116
URINARY_TRACT,MG-132,15,-1.0283645953502945,0.4586676947037827
URINARY_TRACT,MIRA-1,15,0.15353921695388562,0.413632048100624
URINARY_TRACT,MK-1775,15,0.09708887262680045,0.38819601202425263
URINARY_TRACT,MK-2206,15,0.8248911662184238,0.6799494570835083
URINARY_TRACT,MK-8776,15,-0.028201903503903707,0.8323467380940588
URINARY_TRACT,ML323,14,0.7969156754761362,0.6444996457982705
URINARY_TRACT,MN-64,14,0.44187889334606595,0.4924792777529544
URINARY_TRACT,Methotrexate,15,1.4776886554987343,0.14663724639302814
URINARY_TRACT,Motesanib,15,0.9022255264419891,0.6675937953559092
URINARY_TRACT,NU7441,15,0.05263271802239069,0.5220057644318477
URINARY_TRACT,NVP-ADW742,15,1.0782688406702055,0.4736180046946282
URINARY_TRACT,Navitoclax,15,-0.16852204230368809,0.5189067443960839
URINARY_TRACT,Nilotinib,15,-0.1495337113863375,0.5682392865318314
URINARY_TRACT,Niraparib,14,0.25488347693255636,0.37654172285535953
URINARY_TRACT,Nutlin-3a (-),15,1.1923253877538222,0.4728790505994814
URINARY_TRACT,OF-1,14,0.14205604208168823,0.532275236280767
URINARY_TRACT,OTX015,14,0.9573624736086113,0.5072190386174099
URINARY_TRACT,Obatoclax Mesylate,14,-0.021975060119017807,0.29189660880044893
URINARY_TRACT,Olaparib,15,0.3178235579268501,0.3587194084833217
URINARY_TRACT,Osimertinib,15,0.5209333231531682,0.9231125387409322
URINARY_TRACT,Oxaliplatin,15,0.686497248898201,0.43591611770058764
URINARY_TRACT,P22077,15,1.0772596162369499,0.30245274849299714
URINARY_TRACT,PCI-34051,14,0.2377459622895562,0.6377967830652379
URINARY_TRACT,PD0325901,15,0.8812059235768762,0.7645497048078272
URINARY_TRACT,PD173074,15,0.6460895741243373,0.22334975909902932
URINARY_TRACT,PFI-1,15,1.015135180751781,0.4177316567835651
URINARY_TRACT,PFI3,14,0.4064468645542221,0.7312692511564002
URINARY_TRACT,PLX-4720,15,0.38220352440398797,0.49207005994475694
URINARY_TRACT,PRIMA-1MET,14,-0.3100037552865539,0.4260168917972
URINARY_TRACT,PRT062607,14,0.8770300197640916,0.5845245008520011
URINARY_TRACT,Paclitaxel,15,1.1975914681317184,0.33198633022213775
URINARY_TRACT,Palbociclib,15,0.6889157751585602,0.5296126208393209
URINARY_TRACT,Pevonedistat,15,0.41784971591079945,0.4438304018991449
URINARY_TRACT,Picolinici-acid,14,0.28271442140268904,0.714694147731446
URINARY_TRACT,Pictilisib,15,0.669291293341095,0.652912191022668
URINARY_TRACT,Pyridostatin,15,0.6342262225615438,0.29278212068201526
URINARY_TRACT,Refametinib,15,0.8659827943095657,0.7185348618851952
URINARY_TRACT,Ribociclib,14,1.0297069157764003,0.4411362626601997
URINARY_TRACT,Rucaparib,15,1.1075897342409535,0.4133741999512994
URINARY_TRACT,Ruxolitinib,14,0.5305469847894423,0.45235689645101274
URINARY_TRACT,SB216763,15,0.728040926135448,0.6175722432444842
URINARY_TRACT,SCH772984,15,1.0331476353544176,0.6174190185210993
URINARY_TRACT,SGC0946,15,0.7978582419674143,0.27518115006962257
URINARY_TRACT,SN-38,14,0.11693982853167605,0.6326303082856195
URINARY_TRACT,Sabutoclax,14,1.0530799070750936,0.36040689924963737
URINARY_TRACT,Sapitinib,15,0.43576825466141816,0.9848602083758591
URINARY_TRACT,Savolitinib,15,0.2013698753267839,0.4378897835500565
URINARY_TRACT,Selumetinib,15,0.7227987262055978,0.8035785088031686
URINARY_TRACT,Sepantronium bromide,15,0.24900356220537304,0.7730813595958833
URINARY_TRACT,Serdemetan,15,0.9865758725824646,0.3019733447054849
URINARY_TRACT,Sorafenib,15,0.6219634770226837,0.351012070337461
URINARY_TRACT,Tamoxifen,15,1.4233594065416129,0.3821004012474609
URINARY_TRACT,Tanespimycin,15,0.016952612576435867,0.3762142894270012
URINARY_TRACT,Taselisib,15,0.9790139646451645,0.5039987600472292
URINARY_TRACT,Telomerase Inhibitor IX,15,0.2806597729459568,0.3113138728142668
URINARY_TRACT,Temozolomide,15,-0.5109324559788595,0.39550661798267156
URINARY_TRACT,Temsirolimus,15,-0.34944136833634887,0.40694919784645833
URINARY_TRACT,Trametinib,15,0.9121300567765569,0.6638647118249427
URINARY_TRACT,UMI-77,14,1.2981019828721112,0.1448734843951373
URINARY_TRACT,Uprosertib,14,1.4425795490333666,0.48443203489296194
URINARY_TRACT,VE-822,14,0.524769324216457,0.4921396849716214
URINARY_TRACT,VE821,15,1.1432681727795073,0.5032014000421317
URINARY_TRACT,VX-11e,15,1.1369833227905835,0.48533629116968907
URINARY_TRACT,Veliparib,15,0.4886106885917387,0.6493253132507002
URINARY_TRACT,Venotoclax,15,1.1227995301249414,0.4032098607472845
URINARY_TRACT,Vinblastine,13,1.0846021123066683,0.34023086819992
URINARY_TRACT,Vinorelbine,15,1.4332385055583425,0.3816153039111731
URINARY_TRACT,Vismodegib,15,-0.21093919371728714,0.49039283493148383
URINARY_TRACT,Vorinostat,15,0.5749004381136475,0.28780120650294866
URINARY_TRACT,WEHI-539,15,-0.7056429575371991,0.29751977496975457
URINARY_TRACT,WIKI4,15,0.7338672330487535,0.3405862647749085
URINARY_TRACT,WZ4003,14,2.188500089227499,0.25684561480337936
URINARY_TRACT,Wee1 Inhibitor,15,0.4020238420250827,0.49675878972747173
URINARY_TRACT,Wnt-C59,14,0.7585510676308,0.6992330863319302
URINARY_TRACT,YK-4-279,15,0.5064996047658054,0.4897049810222926
URINARY_TRACT,ZM447439,15,0.5175115752168377,0.39113657884135905
BREAST,5-Fluorouracil,42,0.37124750531162654,0.3914892184384805
BREAST,ABT737,41,0.043077979802447326,0.39167220447673373
BREAST,AGI-5198,41,-0.38381508427519434,0.2826928738536911
BREAST,AGI-6780,36,0.4297263386348148,0.39919061937109596
BREAST,AMG-319,40,0.397790701969851,0.2798714060311247
BREAST,AZ960,37,0.22050353813056717,0.3198654737440313
BREAST,AZD3759,41,1.3819624162786652,0.2696932205476885
BREAST,AZD4547,41,0.2835160534238622,0.3132348833640512
BREAST,AZD5582,36,0.4609470673728923,0.1942081881426321
BREAST,AZD6482,38,0.7423885492003206,0.2630437506465247
BREAST,AZD6738,41,0.3798428106878501,0.2956842571975147
BREAST,AZD7762,42,1.2847398817850646,0.24494598656263036
BREAST,AZD8055,40,0.306417411908912,0.46150207803194604
BREAST,AZD8186,41,1.0829847095942033,0.2811832904749054
BREAST,Afatinib,40,0.4635331395276254,0.2725119510236778
BREAST,Afuresertib,41,0.46783348775491346,0.30905237598356433
BREAST,Alisertib,39,0.06786151262736817,0.4726425651752403
BREAST,Alpelisib,41,0.30719903453717196,0.34782688496899355
BREAST,Avagacestat,41,-1.0336131062789184,0.25510532460343455
BREAST,Axitinib,42,0.02573237402956946,0.4774035457998492
BREAST,BI-2536,37,-0.34236469278074827,0.4029798964069393
BREAST,BIBR-1532,40,-0.11225002580787906,0.36955634146079647
BREAST,BMS-345541,37,-0.12906281772987233,0.4396639814992821
BREAST,Bleomycin (50 uM),37,0.3576320739620538,0.4821717009018668
BREAST,Bortezomib,41,0.6835506881663217,0.47141617389447055
BREAST,Bosutinib,41,0.06216740209509657,0.2910651167993348
BREAST,CCT007093,39,0.4026086117484059,0.3231415985797231
BREAST,CZC24832,37,-0.5235699462955248,0.32087446422435406
BREAST,Camptothecin,41,0.15411951331835058,0.4494103057015694
BREAST,Cediranib,41,0.08499696766470606,0.2188625417259066
BREAST,Cisplatin,42,0.15575532483362017,0.5447825600812012
BREAST,Crizotinib,41,-0.2089694007356747,0.390767759697648
BREAST,Cyclophosphamide,41,-0.1779028465590296,0.32690223939248253
BREAST,Cytarabine,37,0.4207153257598434,0.4918061153387501
BREAST,Dabrafenib,41,-0.42789575768446175,0.1956375395200496
BREAST,Dactolisib,41,0.48934321700912864,0.4001223597314708
BREAST,Daporinad,21,0.8503922576386278,0.2971416874038014
BREAST,Dasatinib,41,1.0791390435677948,0.6046243305011211
BREAST,Dinaciclib,37,0.6997236009200051,0.3086244955310188
BREAST,Docetaxel,42,0.524141475828629,0.5989630324856153
BREAST,Doramapimod,40,0.6796870580183888,0.2815845231898536
BREAST,EHT-1864,40,0.11045558948477516,0.26119373575841043
BREAST,EPZ004777,41,-0.5379887041108394,0.3755102579492131
BREAST,EPZ5676,41,-0.1600387648936603,0.394502085236632
BREAST,Entinostat,40,0.3996375953675199,0.30082937205313803
BREAST,Entospletinib,37,-0.7453954692475933,0.3763897420478303
BREAST,Epirubicin,41,0.08650338213434595,0.3823301634807586
BREAST,Erlotinib,41,1.0421794372847228,0.35580368572734905
BREAST,Foretinib,40,0.9498065047209658,0.2691437573589555
BREAST,Fulvestrant,41,0.8065383219760478,0.28442599388452383
BREAST,GDC0810,41,0.585803919281151,0.25331764476396695
BREAST,GNE-317,40,0.31086626519743826,0.3854682717970317
BREAST,GSK1904529A,41,0.36708004580101633,0.30668914618044546
BREAST,GSK2578215A,41,0.16345588808206074,0.2710208268703684
BREAST,GSK2606414,37,0.13202647457352007,0.29975612767283305
BREAST,GSK269962A,39,0.08099792014703018,0.4968048850459499
BREAST,GSK2830371,37,-0.01867142732477221,0.40369138677498434
BREAST,GSK343,37,0.13691571558134058,0.4744260188080968
BREAST,GSK591,41,-0.18826919057138594,0.23298539805735638
BREAST,GW441756,38,0.315871865442624,0.3409763638470991
BREAST,Gefitinib,41,0.9821757782949421,0.324188936613438
BREAST,Gemcitabine,41,0.22106252247547567,0.43351663442648963
BREAST,I-BET-762,37,-0.3930025797974419,0.30599326256553816
BREAST,I-BRD9,41,0.6549136769900442,0.3369878542681868
BREAST,IWP-2,37,0.458685272451767,0.4302791883773335
BREAST,Ibrutinib,35,0.786959530990333,0.35174225161564404
BREAST,Ipatasertib,41,0.8461569858063341,0.30844421877629874
BREAST,Irinotecan,41,-0.10222202807301067,0.5651467986845925
BREAST,JNK Inhibitor VIII,38,-0.07270042199351719,0.3468702275804695
BREAST,JQ1,41,0.6199249440599763,0.2535913259742868
BREAST,KRAS (G12C) Inhibitor-12,37,-0.3151319198641208,0.35406909284410204
BREAST,KU-55933,40,0.1474361189746609,0.21412759749187393
BREAST,LCL161,37,0.34288045920326676,0.2434241490047969
BREAST,LGK974,41,0.10305384187824343,0.32224991387887214
BREAST,LJI308,40,-0.7620134119526499,0.3036990265263023
BREAST,LY2109761,37,-0.23356414695569352,0.29548377874555065
BREAST,Lapatinib,41,0.48066544949230067,0.3824090854131563
BREAST,Leflunomide,37,-0.2210088571935636,0.3653511500232512
BREAST,Lenalidomide,41,-0.12788238690379009,0.33020967089287495
BREAST,Lestaurtinib,41,0.8075947757161338,0.3681996016774379
BREAST,Linsitinib,41,0.182229457035314,0.24453540674763993
BREAST,MG-132,42,1.3206384080992328,0.16779640946201524
BREAST,MIRA-1,41,0.07503035863651052,0.3784311897995423
BREAST,MK-1775,41,0.649137077095081,0.3606947057857319
BREAST,MK-2206,42,0.7473142748370714,0.31281729183233226
BREAST,MK-8776,40,0.2657876796137543,0.22955887251259882
BREAST,ML323,37,0.30485290042660446,0.3918173241552494
BREAST,MN-64,37,0.13877839459838803,0.24717403402555901
BREAST,Methotrexate,37,1.3938983356023387,0.22972594935514845
BREAST,Motesanib,41,-0.09159617307783703,0.41864141249693765
BREAST,NU7441,41,0.2774263634077741,0.35497010260150247
BREAST,NVP-ADW742,41,-0.2145527455443857,0.281325364642244
BREAST,Navitoclax,42,0.13901092732268633,0.5258136849427659
BREAST,Nilotinib,41,-0.11189790967912212,0.32563710139409324
BREAST,Niraparib,37,0.03628347945169845,0.5121165232852509
BREAST,Nutlin-3a (-),42,0.3179904545228415,0.3781253224375817
BREAST,OF-1,37,0.4708117980794935,0.24502899229281253
BREAST,OTX015,37,0.03368114636968842,0.24849004293762578
BREAST,Obatoclax Mesylate,36,0.39611340230775755,0.4448759654478248
BREAST,Olaparib,41,-0.40710214342273704,0.45665163462602076
BREAST,Osimertinib,41,0.9422443082787251,0.24004972754048803
BREAST,Oxaliplatin,41,0.3144323449446187,0.508542843066272
BREAST,P22077,41,-0.06900748791580638,0.2894362573704441
BREAST,PCI-34051,37,-0.5140779550472107,0.3522101375402154
BREAST,PD0325901,41,1.014210681926903,0.5448051989471896
BREAST,PD173074,42,0.12677707295038607,0.24548283529374693
BREAST,PF-4708671,39,-0.3180991757590165,0.30978678527693315
BREAST,PFI-1,40,-0.09515052781507806,0.22387125635596836
BREAST,PFI3,37,-0.47175903121224877,0.4399834480695209
BREAST,PLX-4720,41,-1.294254779413426,0.23378906917746728
BREAST,PRIMA-1MET,37,-0.16698640037180848,0.2765237869487566
BREAST,PRT062607,37,-0.629441103053465,0.2851540746778156
BREAST,Paclitaxel,41,0.7516741875858004,0.45330125854432096
BREAST,Palbociclib,42,0.27045810277534404,0.45331853181476595
BREAST,Pevonedistat,41,0.37304696584044456,0.3147354388437196
BREAST,Picolinici-acid,36,-0.1834384675287758,0.5723261169164517
BREAST,Pictilisib,42,0.5470901051120245,0.37176727397436976
BREAST,Pyridostatin,40,0.20956471022387232,0.40210148459616013
BREAST,Refametinib,41,0.9620666522113483,0.5367948748984105
BREAST,Ribociclib,40,0.47583866394817603,0.37244674396655264
BREAST,Rucaparib,41,-0.4599050595763526,0.3350794414088015
BREAST,Ruxolitinib,37,0.43270518026226173,0.3925990592944679
BREAST,SB216763,40,0.3408504025929884,0.25379227333383075
BREAST,SCH772984,41,1.002614122697106,0.4948387268163964
BREAST,SGC0946,40,0.06171935863089622,0.317466195656898
BREAST,SN-38,40,-0.09833898846999171,0.49952367099240796
BREAST,Sabutoclax,37,0.631995578679383,0.3953326675261914
BREAST,Sapitinib,41,0.6873803293222676,0.5261919454330495
BREAST,Savolitinib,41,0.1884235327458844,0.3015673232283132
BREAST,Selumetinib,41,1.0898932504647927,0.4275902961909483
BREAST,Sepantronium bromide,41,0.11249702746518246,0.7225311073900454
BREAST,Serdemetan,41,0.014305399105130394,0.3769889797557422
BREAST,Sorafenib,41,0.21665448491082906,0.41110305058123403
BREAST,TW 37,17,0.44527452268196205,0.2256695314043481
BREAST,Tamoxifen,41,1.0534879201593688,0.22261872839660848
BREAST,Tanespimycin,41,0.8689147087254532,0.38333364673535525
BREAST,Taselisib,41,0.3156005126674664,0.37329891470429627
BREAST,Telomerase Inhibitor IX,41,0.419031211212964,0.37464303157830914
BREAST,Temozolomide,41,-0.1016173942842867,0.3257542038687818
BREAST,Temsirolimus,40,-0.15750742278604263,0.3959573339560308
BREAST,Tozasertib,39,0.06579701064342193,0.6142114940674015
BREAST,Trametinib,41,0.9859167505794505,0.5838423516410629
BREAST,UMI-77,37,-0.5477619555233402,0.226666981313732
BREAST,Uprosertib,40,0.9015096847133753,0.3108507940302568
BREAST,VE-822,37,-1.0568711326986635,0.2961385242690777
BREAST,VE821,41,-0.03811638495478298,0.2668197140686165
BREAST,VX-11e,41,0.8490422137646613,0.46022098698443387
BREAST,Veliparib,41,-0.15106855494137836,0.3947137929067482
BREAST,Venotoclax,41,0.1721205578368504,0.32655173762284445
BREAST,Vinblastine,37,0.5605281305303791,0.4336609627084484
BREAST,Vinorelbine,41,0.9558257474425621,0.4096131092072249
BREAST,Vismodegib,41,-0.12213771325173015,0.3101173764353942
BREAST,Vorinostat,42,0.8552553595041698,0.3153586116978468
BREAST,WEHI-539,40,-1.3367040058031787,0.18936862088025458
BREAST,WIKI4,41,-0.4307970526063117,0.19423418198711948
BREAST,WZ4003,37,-0.24869441109817705,0.23174339403847302
BREAST,Wee1 Inhibitor,41,-0.01722204033929395,0.4386877441235891
BREAST,Wnt-C59,37,0.41266643012820314,0.3128692290424783
BREAST,YK-4-279,41,0.231952470855167,0.40497871015922005
BREAST,ZM447439,41,0.020784940749344106,0.416029094670495
