depmap_id,x,y,tissue,cell_line,primary_split,n_drugs
ACH-000655,-8.956083,-14.49319,CENTRAL_NERVOUS_SYSTEM,SF268,train or val,154
ACH-000403,-9.012995,10.90751,LARGE_INTESTINE,NCIH747,held out,155
ACH-000007,-5.3930106,19.94432,LARGE_INTESTINE,LS513,train or val,115
ACH-000680,-5.321552,18.072163,LARGE_INTESTINE,SW948,train or val,156
ACH-000776,-7.729752,-4.1214046,CENTRAL_NERVOUS_SYSTEM,ONS76,train or val,155
ACH-000475,-6.4743896,8.255991,LIVER,HUH1,train or val,154
ACH-000969,-3.121839,15.008559,LARGE_INTESTINE,KM12,train or val,155
ACH-000983,20.829554,-2.4035592,HAEMATOPOIETIC_AND_LYMPHOID_TISSUE,KCL22,train or val,154
ACH-000372,30.623146,-2.3504286,HAEMATOPOIETIC_AND_LYMPHOID_TISSUE,P12ICHIKAWA,held out,132
ACH-000226,14.538708,-0.92014587,HAEMATOPOIETIC_AND_LYMPHOID_TISSUE,SUPM2,train or val,152
ACH-000457,-10.843891,-0.07562544,KIDNEY,CAL54,train or val,156
ACH-000476,-8.395796,-3.684695,LIVER,JHH4,train or val,154
ACH-000881,-4.212064,-11.528897,SKIN,MELJUSO,train or val,154
ACH-000835,-4.4393034,-12.049375,SOFT_TISSUE,GCT,train or val,154
ACH-000396,-8.463088,-11.124223,URINARY_TRACT,J82,train or val,154
ACH-000132,-9.092658,6.6456604,OVARY,JHOS2,train or val,159
ACH-000958,-4.362629,8.435664,LARGE_INTESTINE,SW48,held out,152
ACH-000696,-5.213146,-5.9409847,OVARY,OVCAR8,train or val,154
ACH-000365,36.972855,7.7079325,HAEMATOPOIETIC_AND_LYMPHOID_TISSUE,SUDHL4,train or val,160
ACH-000292,-3.3073323,-8.064987,LUNG,NCIH841,train or val,150
ACH-000171,-6.7219515,-3.2104788,KIDNEY,VMRCRCZ,held out,156
ACH-000111,-3.6327384,-1.1047219,BREAST,HCC1187,train or val,157
ACH-000350,-8.518479,8.876142,LARGE_INTESTINE,COLO678,train or val,155
ACH-000348,-8.824182,-17.414782,SKIN,RPMI7951,train or val,154
ACH-000211,-6.413787,-15.101357,CENTRAL_NERVOUS_SYSTEM,DAOY,held out,153
ACH-000560,3.9234288,-2.2961316,STOMACH,ECC10,train or val,156
ACH-000903,-8.938266,-9.85,THYROID,FTC133,held out,149
ACH-000207,-10.643892,8.193531,UPPER_AERODIGESTIVE_TRACT,DETROIT562,train or val,154
ACH-000644,-6.351382,-11.929434,SKIN,COLO829,train or val,153
ACH-000258,4.8730206,4.852904,BREAST,DU4475,train or val,156
ACH-000910,-3.2343347,7.2565856,BREAST,MDAMB453,train or val,160
ACH-000139,-6.768266,11.354001,PANCREAS,PANC0327,train or val,124
ACH-000532,-7.723698,21.469284,LARGE_INTESTINE,SNU61,train or val,143
ACH-000345,6.521425,-16.640514,AUTONOMIC_GANGLIA,KPNRTBM1,train or val,160
ACH-000257,5.8959513,-3.110339,LUNG,CORL279,train or val,121
ACH-000621,-5.2967014,-12.609972,BREAST,MDAMB157,train or val,160
ACH-000330,-2.3550344,11.532333,BREAST,EFM19,train or val,160
ACH-000489,-6.874823,19.294563,LARGE_INTESTINE,SW1116,train or val,157
ACH-000117,-5.9933534,12.137005,BREAST,EFM192A,train or val,156
ACH-000440,37.854862,2.1651483,HAEMATOPOIETIC_AND_LYMPHOID_TISSUE,CA46,train or val,154
ACH-000927,-4.3585443,10.138545,BREAST,BT474,held out,158
ACH-000323,-8.694133,-19.103693,CENTRAL_NERVOUS_SYSTEM,42MGBA,train or val,154
ACH-000640,-6.7773814,-14.32057,SKIN,SKMEL31,train or val,160
ACH-000978,1.423701,-5.2915006,ENDOMETRIUM,EN,train or val,156
ACH-000135,-11.685245,-16.52687,FIBROBLAST,HS940T,train or val,160
ACH-000376,-7.900257,-14.017437,CENTRAL_NERVOUS_SYSTEM,SF295,train or val,160
ACH-000950,-5.7188683,10.888973,LARGE_INTESTINE,LOVO,train or val,157
ACH-000814,-6.4808655,-17.504028,SKIN,HS939T,train or val,160
ACH-000716,-4.8805594,-9.621443,THYROID,TT2609C02,train or val,154
ACH-000040,-9.187116,-20.51892,CENTRAL_NERVOUS_SYSTEM,U118MG,train or val,154
ACH-000201,-4.917562,-10.500621,SOFT_TISSUE,A204,train or val,154
ACH-000817,18.361197,7.8248844,HAEMATOPOIETIC_AND_LYMPHOID_TISSUE,RPMI8226,train or val,154
ACH-000637,-9.708259,0.08347129,OESOPHAGUS,KYSE520,train or val,154
ACH-000162,38.824303,3.9437242,HAEMATOPOIETIC_AND_LYMPHOID_TISSUE,GA10,held out,154
ACH-001016,-9.200929,-15.963978,CENTRAL_NERVOUS_SYSTEM,BECKER,train or val,156
ACH-000880,-8.691571,9.492182,STOMACH,AGS,train or val,154
ACH-000486,-8.155592,3.220398,URINARY_TRACT,KU1919,train or val,154
ACH-000974,-6.6400514,4.114813,ENDOMETRIUM,SNGM,held out,156
ACH-000748,-8.596815,-19.481539,BONE,SJSA1,train or val,123
ACH-000501,-8.353574,10.855863,LARGE_INTESTINE,LS123,train or val,157
ACH-000613,-6.443061,-11.617234,BONE,HOS,train or val,156
ACH-000504,-10.378649,-19.223398,CENTRAL_NERVOUS_SYSTEM,SNB75,train or val,160
ACH-000002,22.764523,10.929472,HAEMATOPOIETIC_AND_LYMPHOID_TISSUE,HL60,train or val,154
ACH-000144,-8.401197,2.34313,STOMACH,RERFGC1B,train or val,154
ACH-000714,16.651028,-2.185494,HAEMATOPOIETIC_AND_LYMPHOID_TISSUE,KMS11,train or val,160
ACH-000976,-6.525821,10.30449,BILIARY_TRACT,HUCCT1,held out,156
ACH-000196,-2.8173728,7.3913407,BREAST,HCC1599,train or val,162
ACH-000874,30.757826,9.467398,HAEMATOPOIETIC_AND_LYMPHOID_TISSUE,RS411,train or val,153
ACH-000269,-3.3090332,-11.80142,CENTRAL_NERVOUS_SYSTEM,AM38,train or val,154
ACH-000668,-10.046307,9.144966,BREAST,HCC70,train or val,160
ACH-000212,-6.9192743,-3.3124723,BREAST,CAL120,train or val,158
ACH-000720,-9.1057005,-8.599369,URINARY_TRACT,TCCSUP,train or val,154
ACH-001190,-3.310627,-9.465326,SKIN,SKMEL2,train or val,150
ACH-000546,-10.506687,6.56803,UPPER_AERODIGESTIVE_TRACT,HSC4,train or val,154
ACH-000947,-1.163152,-2.7551951,OVARY,OVK18,train or val,161
ACH-000893,-11.173822,-1.620847,LUNG,NCIH1651,train or val,156
ACH-000177,1.864846,2.3799696,PROSTATE,NCIH660,train or val,160
ACH-000656,36.525154,3.0411587,HAEMATOPOIETIC_AND_LYMPHOID_TISSUE,SUDHL8,train or val,152
ACH-000464,-9.132579,-14.914096,CENTRAL_NERVOUS_SYSTEM,CAS1,train or val,153
ACH-000035,-12.126176,2.7633307,LUNG,NCIH1650,held out,154
ACH-000298,3.755765,1.8869938,LUNG,NCIH2029,train or val,162
ACH-000482,-10.244372,11.361301,LUNG,RERFLCKJ,train or val,154
ACH-000906,-5.370036,-9.149564,OVARY,ES2,train or val,153
ACH-000648,-5.6701746,0.63727343,PLEURA,NCIH28,train or val,156
ACH-000703,7.3997045,-4.9015164,LUNG,DMS79,train or val,161
ACH-000221,1.9147463,-10.887766,LIVER,SNU398,train or val,154
ACH-000702,18.898186,-3.3437753,HAEMATOPOIETIC_AND_LYMPHOID_TISSUE,L1236,train or val,156
ACH-000855,-8.023023,7.825199,OESOPHAGUS,KYSE150,train or val,120
ACH-000075,-8.234833,-15.716268,CENTRAL_NERVOUS_SYSTEM,U87MG,train or val,133
ACH-000441,-5.2652674,-11.573502,SKIN,SH4,train or val,156
ACH-000698,1.6025667,4.776398,LUNG,DMS53,train or val,154
ACH-000244,-10.221032,-22.871403,CENTRAL_NERVOUS_SYSTEM,DKMG,train or val,154
ACH-000349,-2.1225915,5.884699,BREAST,HCC1500,train or val,152
ACH-000429,-4.8062873,8.571781,KIDNEY,A704,train or val,154
ACH-000528,-9.864579,7.7971873,LUNG,ABC1,train or val,160
ACH-000562,-6.9884124,11.3248825,LUNG,HCC78,train or val,156
ACH-000643,-8.172898,11.301398,BREAST,HDQP1,train or val,158
ACH-000358,5.409484,-4.197322,LUNG,NCIH69,train or val,121
ACH-000242,-5.601086,12.159505,URINARY_TRACT,RT4,train or val,154
ACH-000416,-5.146018,-2.8335686,LUNG,NCIH838,train or val,160
ACH-000189,-10.478439,-0.4562164,KIDNEY,RCC10RGB,train or val,154
ACH-000295,22.928614,2.6644816,HAEMATOPOIETIC_AND_LYMPHOID_TISSUE,EM2,train or val,154
ACH-000478,-10.908254,-13.207052,LIVER,SNU387,train or val,155
ACH-000684,-7.366405,0.15970166,KIDNEY,KMRC1,train or val,123
ACH-000508,4.536926,-0.14461127,LUNG,CORL88,train or val,123
ACH-000362,24.5793,6.379464,HAEMATOPOIETIC_AND_LYMPHOID_TISSUE,MOLM13,train or val,154
ACH-000374,-10.351055,1.231547,BREAST,HCC1143,train or val,158
ACH-000070,29.187483,-1.9350139,HAEMATOPOIETIC_AND_LYMPHOID_TISSUE,697,train or val,153
ACH-000225,5.156553,0.23485805,STOMACH,ECC12,train or val,161
ACH-000944,34.252834,3.51747,HAEMATOPOIETIC_AND_LYMPHOID_TISSUE,NAMALWA,held out,155
ACH-000770,27.30463,0.90351486,HAEMATOPOIETIC_AND_LYMPHOID_TISSUE,P31FUJ,train or val,122
ACH-000595,-9.146059,-16.132174,CENTRAL_NERVOUS_SYSTEM,LN229,train or val,154
ACH-000778,-8.663646,0.7242025,UPPER_AERODIGESTIVE_TRACT,HSC3,train or val,154
ACH-000496,-8.267517,-6.7708654,LUNG,NCIH1792,train or val,156
ACH-000094,-12.1144085,17.588165,PANCREAS,HPAFII,train or val,131
ACH-000805,-4.530876,-11.214366,SKIN,COLO679,train or val,156
ACH-000301,19.048529,2.4792109,HAEMATOPOIETIC_AND_LYMPHOID_TISSUE,LAMA84,train or val,156
ACH-000092,-9.657722,-10.219602,PLEURA,NCIH2452,train or val,123
ACH-000840,-10.5246,-4.5921702,LUNG,HCC366,train or val,161
ACH-000012,-10.476746,5.955005,LUNG,HCC827,train or val,153
ACH-000681,-9.3299,-0.62461144,LUNG,A549,train or val,156
ACH-000380,24.911867,4.23983,HAEMATOPOIETIC_AND_LYMPHOID_TISSUE,KMS12BM,train or val,153
ACH-000187,9.080925,2.9345849,LUNG,CORL311,train or val,154
ACH-000951,-8.136226,12.406229,LUNG,NCIH2342,train or val,122
ACH-000548,-10.139901,4.876055,UPPER_AERODIGESTIVE_TRACT,BHY,train or val,160
ACH-000858,-10.037508,10.895595,LUNG,KNS62,held out,156
ACH-000518,-11.222494,10.117813,UPPER_AERODIGESTIVE_TRACT,CAL33,train or val,154
ACH-000885,-7.813553,-2.021881,OVARY,TOV21G,train or val,153
ACH-000997,-4.561394,7.295441,LARGE_INTESTINE,HCT15,train or val,157
ACH-000401,-4.623399,-12.575709,SKIN,COLO800,train or val,160
ACH-000888,-7.333246,1.3484612,LUNG,NCIH1793,train or val,154
ACH-000318,-7.8838773,7.3318744,OESOPHAGUS,TE10,train or val,160
ACH-000627,-6.9298506,-6.8987303,LUNG,LCLC103H,train or val,156
ACH-000157,16.451284,1.9234123,HAEMATOPOIETIC_AND_LYMPHOID_TISSUE,A4FUK,train or val,155
ACH-000784,-6.938471,0.33722994,OESOPHAGUS,KYSE70,train or val,156
ACH-000572,-3.3756196,-10.831412,SKIN,G361,train or val,154
ACH-000665,-10.417662,-3.6184433,LUNG,SKMES1,train or val,154
ACH-000886,-8.276964,3.8260415,LUNG,NCIH2009,train or val,122
ACH-000161,-7.3106112,3.7198136,LUNG,CORL105,train or val,156
ACH-000096,0.2962128,-9.012854,SOFT_TISSUE,G401,train or val,154
ACH-000136,6.528121,-9.192186,AUTONOMIC_GANGLIA,CHP126,train or val,159
ACH-000522,-5.579777,-9.682534,URINARY_TRACT,UMUC3,train or val,123
ACH-000830,9.336236,-3.3354442,LUNG,NCIH1436,train or val,160
ACH-000565,-8.01458,17.309938,LARGE_INTESTINE,RCM1,train or val,157
ACH-000408,-8.218092,12.898266,OESOPHAGUS,TE5,train or val,156
ACH-000586,1.9445816,-7.7831945,LUNG,NCIH1876,train or val,153
ACH-000430,-0.42063203,-6.415819,OVARY,TYKNU,train or val,154
ACH-000315,35.705235,3.5487037,HAEMATOPOIETIC_AND_LYMPHOID_TISSUE,KARPAS422,train or val,156
ACH-000803,3.0825443,5.491539,LUNG,COLO668,held out,156
ACH-000480,-6.9468565,0.79640335,LIVER,HUH7,train or val,154
ACH-000794,-10.8747225,16.577002,UPPER_AERODIGESTIVE_TRACT,BICR22,train or val,156
ACH-000009,-8.913912,7.989712,LARGE_INTESTINE,C2BBE1,train or val,155
ACH-000527,-9.954604,9.664276,OVARY,OVISE,train or val,154
ACH-000360,-7.256264,21.49034,LARGE_INTESTINE,NCIH508,held out,161
ACH-000973,-2.1504679,-7.2562313,URINARY_TRACT,639V,train or val,153
ACH-000745,16.027239,-0.07091977,HAEMATOPOIETIC_AND_LYMPHOID_TISSUE,MOLP8,train or val,154
ACH-000955,-6.1955624,13.725684,LARGE_INTESTINE,SNU407,train or val,150
ACH-000389,-7.8350387,-13.022677,CENTRAL_NERVOUS_SYSTEM,H4,train or val,155
ACH-000660,33.19353,1.1853938,HAEMATOPOIETIC_AND_LYMPHOID_TISSUE,SUDHL5,train or val,152
ACH-000639,3.229683,-1.270073,LUNG,NCIH211,train or val,149
ACH-000291,-5.656864,8.023023,OVARY,OV90,train or val,156
ACH-000816,8.218498,-5.3884616,LUNG,NCIH524,train or val,156
ACH-000750,-5.6207395,-10.643907,SKIN,LOXIMVI,train or val,156
ACH-000098,-8.795454,-13.209354,CENTRAL_NERVOUS_SYSTEM,GAMG,train or val,156
ACH-000341,2.420279,-12.353235,AUTONOMIC_GANGLIA,SKNFI,train or val,123
ACH-000060,-7.0975037,9.629884,PANCREAS,PANC1005,train or val,156
ACH-000670,-0.66971445,-2.8777409,LUNG,SBC5,held out,154
ACH-000733,-9.506884,3.3635974,LUNG,NCIH1838,train or val,121
ACH-000048,0.3095414,-11.475392,OVARY,TOV112D,held out,154
ACH-000825,-9.194862,-2.8158925,LUNG,HOP92,train or val,154
ACH-000114,-9.044366,9.97687,PANCREAS,SU8686,train or val,154
ACH-000547,-8.254776,6.688372,URINARY_TRACT,HT1197,train or val,150
ACH-000491,-2.818819,-0.030711401,LARGE_INTESTINE,NCIH716,train or val,155
ACH-000159,-10.67474,-5.9444766,KIDNEY,OSRC2,train or val,154
ACH-000810,-3.9880366,-10.465015,SKIN,SKMEL30,train or val,160
ACH-000535,-9.5166025,10.4290905,PANCREAS,BXPC3,train or val,156
ACH-000146,20.46044,0.85460526,HAEMATOPOIETIC_AND_LYMPHOID_TISSUE,THP1,held out,160
ACH-000559,7.327166,-1.9094374,LUNG,NCIH1836,train or val,160
ACH-000218,26.770782,4.5173717,HAEMATOPOIETIC_AND_LYMPHOID_TISSUE,PL21,train or val,160
ACH-000657,0.72358614,-9.59102,OVARY,A2780,train or val,155
ACH-000472,-7.4477854,7.6354694,UPPER_AERODIGESTIVE_TRACT,HSC2,train or val,154
ACH-000320,-7.0914,1.6049055,PANCREAS,PSN1,train or val,156
ACH-000288,-9.396366,-12.978155,BREAST,BT549,train or val,160
ACH-000121,-11.044081,-1.6406467,LUNG,NCIH2405,train or val,154
ACH-000465,-1.2488016,-11.826668,SKIN,SKMEL1,train or val,123
ACH-000937,28.075844,-5.006109,HAEMATOPOIETIC_AND_LYMPHOID_TISSUE,PF382,train or val,154
ACH-000197,27.52517,-3.6477485,HAEMATOPOIETIC_AND_LYMPHOID_TISSUE,TALL1,train or val,160
ACH-000792,-7.554356,-9.902442,KIDNEY,BFTC909,train or val,154
ACH-000357,34.50349,4.2675767,HAEMATOPOIETIC_AND_LYMPHOID_TISSUE,JEKO1,held out,159
ACH-000768,-7.880607,-5.6204767,BREAST,MDAMB231,train or val,160
ACH-000270,-8.141434,15.711357,PANCREAS,HPAC,held out,154
ACH-000042,-7.613049,11.462279,PANCREAS,PANC0203,train or val,155
ACH-000793,-8.518654,15.479474,STOMACH,KATOIII,train or val,156
ACH-000384,-6.663191,8.78187,URINARY_TRACT,SW780,train or val,154
ACH-000055,2.8233993,-2.8515468,CENTRAL_NERVOUS_SYSTEM,D283MED,train or val,156
ACH-000425,-4.058572,-11.787029,SKIN,UACC62,train or val,156
ACH-000722,-6.240734,20.755661,LARGE_INTESTINE,SNUC1,train or val,157
ACH-000073,30.602453,1.7825058,HAEMATOPOIETIC_AND_LYMPHOID_TISSUE,GRANTA519,train or val,154
ACH-000447,-10.744562,-4.0841827,LUNG,NCIH2228,train or val,154
ACH-000615,-4.599878,-9.76486,SKIN,SKMEL28,train or val,160
ACH-000949,-5.232624,9.65054,STOMACH,TGBC11TKB,train or val,132
ACH-000250,-7.9718523,-2.476546,KIDNEY,KMRC20,train or val,154
ACH-000023,-3.7103028,-3.7255774,PANCREAS,PATU8988T,train or val,154
ACH-000767,6.8477936,2.7824817,LUNG,NCIH526,train or val,152
ACH-000332,-7.4742193,7.8073626,PANCREAS,YAPC,train or val,156
ACH-000366,5.9515405,-10.467721,AUTONOMIC_GANGLIA,SKNDZ,train or val,154
ACH-000352,-4.2789154,8.419373,BREAST,HCC1428,train or val,158
ACH-000432,31.32113,0.9730754,HAEMATOPOIETIC_AND_LYMPHOID_TISSUE,BV173,train or val,129
ACH-000254,-13.120987,5.8779244,UPPER_AERODIGESTIVE_TRACT,SCC15,train or val,154
ACH-000772,-0.37779793,-14.733781,SOFT_TISSUE,TE441T,held out,160
ACH-000847,-0.8310632,-7.5551624,STOMACH,HGC27,train or val,154
ACH-000766,-9.946915,11.019424,LUNG,NCIH1648,train or val,123
ACH-000355,8.179132,-5.5443053,LUNG,NCIH82,train or val,156
ACH-000783,-2.6475053,8.032483,BREAST,CAMA1,train or val,160
ACH-000987,-3.7059898,-10.112482,SKIN,MEWO,train or val,123
ACH-000008,-5.0527782,-12.251046,SKIN,A101D,train or val,154
ACH-000823,-7.7265215,2.1761758,OESOPHAGUS,KYSE140,held out,154
ACH-000838,24.936941,3.2161865,HAEMATOPOIETIC_AND_LYMPHOID_TISSUE,AMO1,train or val,152
ACH-000843,-6.0664387,-0.34508216,LUNG,HARA,train or val,156
ACH-000957,-6.5504675,14.746514,LARGE_INTESTINE,LS180,train or val,157
ACH-000228,-12.276407,6.192626,UPPER_AERODIGESTIVE_TRACT,BICR31,train or val,160
ACH-000981,28.081354,-4.377206,HAEMATOPOIETIC_AND_LYMPHOID_TISSUE,DND41,train or val,156
ACH-000568,-4.0810137,14.082049,BREAST,UACC812,train or val,115
ACH-000417,-9.520394,10.711798,PANCREAS,PANC0813,train or val,154
ACH-000882,-2.4295778,-9.612691,SKIN,IGR1,train or val,154
ACH-000392,-7.9478946,13.1364,LUNG,CALU3,train or val,156
ACH-000596,-7.7280126,8.266321,LUNG,LCLC97TM1,train or val,154
ACH-000939,-4.849998,-11.159868,SOFT_TISSUE,SKUT1,train or val,156
ACH-000749,3.7619286,-7.0764923,LUNG,DMS273,train or val,154
ACH-000072,16.74066,1.0972929,HAEMATOPOIETIC_AND_LYMPHOID_TISSUE,MEG01,train or val,156
ACH-000563,-6.5003943,2.4940248,LUNG,EBC1,train or val,154
ACH-000610,6.875165,-9.7345295,LUNG,NCIH2227,train or val,161
ACH-000383,-9.989,12.943162,OESOPHAGUS,OE33,train or val,156
ACH-000818,-5.7500787,11.32239,BREAST,BT483,train or val,121
ACH-000555,-9.867494,-1.4028922,KIDNEY,A498,train or val,154
ACH-000573,-6.6658072,-8.244304,BREAST,MDAMB436,train or val,160
ACH-000506,8.169922,-1.8244035,LUNG,NCIH146,train or val,160
ACH-000948,-8.387569,16.159298,STOMACH,2313287,train or val,154
ACH-000514,7.181868,-4.888843,LUNG,NCIH1092,train or val,154
ACH-000574,-7.2096057,-3.5668848,OVARY,FUOV1,train or val,119
ACH-000599,-4.6240687,10.045682,PANCREAS,PATU8902,train or val,154
ACH-000846,-6.863631,7.8561583,UPPER_AERODIGESTIVE_TRACT,FADU,train or val,154
ACH-000719,-8.529641,10.046366,OVARY,RMGI,train or val,123
ACH-000484,-9.625033,1.6760812,KIDNEY,VMRCRCW,train or val,160
ACH-000129,-1.5180725,-10.024691,LUNG,NCIH1341,train or val,121
ACH-000473,-10.671401,9.447448,URINARY_TRACT,RT112,train or val,156
ACH-000775,-4.833396,5.57065,LUNG,NCIH727,train or val,156
ACH-000530,-0.57332546,-10.318184,LUNG,DMS114,train or val,156
ACH-000614,-4.843431,-12.57362,SKIN,RVH421,train or val,160
ACH-000054,-6.6386037,-13.250337,SOFT_TISSUE,HT1080,train or val,154
ACH-000802,-9.486423,9.297786,URINARY_TRACT,BFTC905,train or val,156
ACH-000186,-9.432505,8.574891,LUNG,NCIH2444,held out,160
ACH-000369,22.164267,0.470866,HAEMATOPOIETIC_AND_LYMPHOID_TISSUE,MOLM16,train or val,159
ACH-001306,-7.718313,-12.091844,THYROID,8305C,train or val,156
ACH-000099,4.832319,-7.03199,AUTONOMIC_GANGLIA,SIMA,train or val,146
ACH-000570,-6.432939,-17.103018,CENTRAL_NERVOUS_SYSTEM,YKG1,train or val,159
ACH-000663,-6.5743737,3.945087,OVARY,OVTOKO,train or val,154
ACH-000558,-7.8577023,-16.183924,CENTRAL_NERVOUS_SYSTEM,A172,train or val,154
ACH-000859,-10.499489,6.3519597,BREAST,HCC1954,train or val,158
ACH-000359,-7.5586376,-11.46223,BONE,MG63,train or val,156
ACH-000463,-3.1143563,-2.9284956,LUNG,NCIH460,held out,158
ACH-000867,-7.0148993,8.864255,LUNG,CHAGOK1,train or val,160
ACH-000452,-8.497153,-7.6162653,OESOPHAGUS,TE8,train or val,150
ACH-000913,-8.807648,-12.190178,ENDOMETRIUM,ESS1,train or val,156
ACH-000347,-2.2494094,4.3205986,PANCREAS,QGP1,train or val,161
ACH-000857,-10.1129,10.716941,BREAST,CAL851,train or val,160
ACH-000788,-4.379971,-12.522515,SKIN,A2058,train or val,154
ACH-000399,-1.195494,-5.4502077,LUNG,NCIH2196,train or val,160
ACH-000236,-8.471416,8.69453,LARGE_INTESTINE,SW1417,train or val,157
ACH-000248,-6.993951,12.253935,BREAST,AU565,train or val,157
ACH-000290,6.305534,-2.0303113,LUNG,NCIH209,train or val,153
ACH-000356,-9.716697,12.260935,STOMACH,MKN45,train or val,156
ACH-000450,-2.1815066,-7.603284,SKIN,MELHO,held out,160
ACH-000755,-6.067585,16.500366,BREAST,HCC2218,train or val,158
ACH-000082,-9.207789,-19.86241,BONE,G292CLONEA141B1,train or val,156
ACH-000756,-6.1582937,-15.328609,CENTRAL_NERVOUS_SYSTEM,GI1,train or val,149
ACH-000587,-9.176507,-1.0419528,LUNG,NCIH1975,train or val,153
ACH-000067,-10.834543,-19.180492,CENTRAL_NERVOUS_SYSTEM,HS683,train or val,160
ACH-000245,37.716873,3.3533504,HAEMATOPOIETIC_AND_LYMPHOID_TISSUE,BL41,train or val,155
ACH-000243,-5.341246,5.8091745,PANCREAS,DANG,held out,153
ACH-000065,24.923504,3.599118,HAEMATOPOIETIC_AND_LYMPHOID_TISSUE,OCIAML5,train or val,115
ACH-000585,-9.967487,4.612028,LUNG,EPLC272H,train or val,154
ACH-000824,-9.62973,10.5175,OESOPHAGUS,KYSE510,train or val,160
ACH-000427,-6.9460115,12.750005,STOMACH,NCIN87,train or val,138
ACH-000864,7.501058,-5.202819,ENDOMETRIUM,COLO684,train or val,155
ACH-000006,24.648804,0.1763713,HAEMATOPOIETIC_AND_LYMPHOID_TISSUE,MONOMAC6,train or val,123
ACH-000966,-7.416849,-0.927817,OVARY,IGROV1,train or val,154
ACH-000375,-2.5748217,-7.4153466,SOFT_TISSUE,G402,train or val,154
ACH-000652,-5.9496856,3.3706772,PANCREAS,SUIT2,train or val,154
ACH-000018,-6.555453,-8.720331,URINARY_TRACT,T24,train or val,160
ACH-000364,-5.9445868,-12.396002,BONE,U2OS,train or val,168
ACH-000004,23.689323,-0.83808064,HAEMATOPOIETIC_AND_LYMPHOID_TISSUE,HEL,train or val,161
ACH-000353,-10.298748,7.0784707,OESOPHAGUS,TE15,train or val,118
ACH-000689,-11.60031,-17.302559,SOFT_TISSUE,RH18,train or val,8
ACH-000188,-8.517135,5.466218,UPPER_AERODIGESTIVE_TRACT,SCC25,train or val,160
ACH-000223,-9.012677,7.572393,BREAST,HCC1937,train or val,158
ACH-000678,-9.049622,7.686194,STOMACH,MKN7,train or val,164
ACH-000691,-3.1495988,9.918862,BREAST,HCC2157,held out,151
ACH-000616,-8.637141,-15.143667,STOMACH,HS746T,train or val,154
ACH-000567,34.10884,0.2634004,HAEMATOPOIETIC_AND_LYMPHOID_TISSUE,ST486,train or val,137
ACH-000470,-3.1174545,17.325716,LARGE_INTESTINE,SW1463,train or val,157
ACH-000667,-8.0302,2.4062095,LUNG,HCC44,train or val,150
ACH-000787,-9.808499,-7.04789,LUNG,LXF289,train or val,154
ACH-000970,-7.846959,9.49007,LARGE_INTESTINE,SNUC5,train or val,155
ACH-000905,-8.886611,1.9666226,URINARY_TRACT,5637,train or val,153
ACH-000934,-7.3760777,1.5034266,BREAST,MDAMB361,train or val,158
ACH-000451,-10.323926,-0.0046089506,LUNG,NCIH2085,train or val,156
ACH-000876,-7.3193,12.355289,BREAST,MDAMB415,train or val,159
ACH-000238,-11.063987,5.819644,UPPER_AERODIGESTIVE_TRACT,SCC4,train or val,155
ACH-000249,-8.35872,8.445236,LARGE_INTESTINE,CL11,train or val,155
ACH-000231,-9.521653,-17.770317,CENTRAL_NERVOUS_SYSTEM,KALS1,train or val,155
ACH-001321,-0.059930954,-2.7974353,THYROID,TT,train or val,123
ACH-000247,-7.365265,17.540623,STOMACH,OCUM1,train or val,156
ACH-000305,-11.546001,7.7502403,OESOPHAGUS,ECGI10,train or val,154
ACH-000112,22.989794,4.617014,HAEMATOPOIETIC_AND_LYMPHOID_TISSUE,SIGM5,train or val,158
ACH-000183,21.760925,-1.3973669,HAEMATOPOIETIC_AND_LYMPHOID_TISSUE,L363,train or val,154
ACH-000998,-5.62457,14.0392065,LARGE_INTESTINE,CW2,train or val,157
ACH-000611,36.926086,3.5445614,HAEMATOPOIETIC_AND_LYMPHOID_TISSUE,SUDHL6,train or val,152
ACH-000806,17.441376,0.18784644,HAEMATOPOIETIC_AND_LYMPHOID_TISSUE,L540,train or val,155
ACH-000875,-10.721148,7.578421,LUNG,NCIH2347,train or val,121
ACH-000915,-0.87782675,-9.804927,SKIN,IPC298,train or val,160
ACH-000421,-6.753691,9.104052,LARGE_INTESTINE,SW837,train or val,157
ACH-000832,-10.811912,10.183863,UPPER_AERODIGESTIVE_TRACT,CAL27,train or val,154
ACH-000812,-4.3293877,-14.732259,SKIN,COLO783,train or val,159
ACH-000672,-7.3218713,-5.0071697,LUNG,IALM,train or val,156
ACH-000433,-9.30741,1.4827967,KIDNEY,CAKI1,train or val,160
ACH-000679,-8.901787,19.112915,OESOPHAGUS,OE19,held out,153
ACH-000730,-3.251945,-8.360678,SKIN,SKMEL5,train or val,161
ACH-000334,34.037457,1.9597557,HAEMATOPOIETIC_AND_LYMPHOID_TISSUE,DB,train or val,155
ACH-000343,-1.0660849,-7.6230583,LUNG,NCIH522,train or val,155
ACH-000174,-3.85166,-3.7744,THYROID,CAL62,train or val,156
ACH-000308,-6.648647,-0.83032817,OVARY,EFO21,train or val,156
ACH-000725,-6.6440706,10.536802,BREAST,HCC202,train or val,13
ACH-000579,-2.7932506,-8.47326,SKIN,UACC257,train or val,154
ACH-000287,36.89151,1.8702389,HAEMATOPOIETIC_AND_LYMPHOID_TISSUE,NUDUL1,train or val,159
ACH-000744,-7.956021,7.5026064,LUNG,NCIH1623,train or val,154
ACH-000708,-6.012251,19.271301,LARGE_INTESTINE,SNU283,train or val,160
ACH-000811,-10.44875,-4.510522,OVARY,SKOV3,train or val,156
ACH-000896,-5.823425,5.8161263,URINARY_TRACT,647V,train or val,154
ACH-000050,19.745441,4.952258,HAEMATOPOIETIC_AND_LYMPHOID_TISSUE,NCIH929,train or val,154
ACH-000664,14.569537,-2.6789756,HAEMATOPOIETIC_AND_LYMPHOID_TISSUE,SUDHL1,train or val,152
ACH-000856,-6.7276444,-3.6372342,BREAST,CAL51,train or val,158
ACH-000924,-6.837259,-4.6978874,LUNG,NCIH2172,train or val,160
ACH-000536,-8.173122,7.3872747,BREAST,BT20,train or val,157
ACH-001307,-9.039355,-10.728356,THYROID,8505C,train or val,154
ACH-000191,-7.3861375,0.68365884,THYROID,BHT101,train or val,154
ACH-000373,20.62631,1.0726148,HAEMATOPOIETIC_AND_LYMPHOID_TISSUE,SKM1,train or val,161
ACH-000980,7.626984,-10.152189,LUNG,NCIH1155,train or val,153
ACH-000693,-7.1883307,3.7356865,OESOPHAGUS,KYSE180,train or val,154
ACH-000311,-7.7673044,13.539259,LUNG,NCIH2122,held out,154
ACH-000493,-9.060758,-11.30244,LIVER,SNU423,train or val,156
ACH-000890,-5.486798,-9.68455,LUNG,SW1271,train or val,156
ACH-000438,-5.4491673,4.5280395,LUNG,LU65,train or val,155
ACH-000677,-5.2881064,-5.6538796,LUNG,SW1573,train or val,154
ACH-000863,-9.158775,-10.931152,CENTRAL_NERVOUS_SYSTEM,DBTRG05MG,train or val,154
ACH-000605,-4.6054325,2.7685542,OESOPHAGUS,TE6,train or val,154
ACH-000828,-6.2213316,11.809209,BREAST,ZR7530,train or val,160
ACH-000759,-7.559944,13.65218,BREAST,MDAMB175VII,train or val,129
ACH-000505,-7.6989875,-11.685153,SOFT_TISSUE,RKN,train or val,156
ACH-000743,2.1538875,-1.0448178,LUNG,CORL95,train or val,70
ACH-000651,0.5507855,6.9740863,LARGE_INTESTINE,SW620,train or val,169
ACH-000713,-6.9206796,4.4800906,OVARY,CAOV3,train or val,160
ACH-000052,2.396241,-14.687188,BONE,A673,train or val,156
ACH-000911,-5.255575,9.103673,STOMACH,NUGC3,train or val,154
ACH-000020,36.298065,-4.9949584,HAEMATOPOIETIC_AND_LYMPHOID_TISSUE,MHHCALL2,train or val,133
ACH-000379,-10.704448,10.725328,LUNG,NCIH1781,train or val,154
ACH-000222,-12.120108,15.250212,PANCREAS,ASPC1,train or val,154
ACH-000137,-4.333963,-12.392701,CENTRAL_NERVOUS_SYSTEM,8MGBA,train or val,154
ACH-001075,-10.248571,7.5113893,LUNG,NCIH292,train or val,160
ACH-000821,24.23632,4.9848146,HAEMATOPOIETIC_AND_LYMPHOID_TISSUE,EJM,train or val,154
ACH-000335,-6.058787,-9.617363,PLEURA,MSTO211H,held out,156
ACH-000866,-1.7842535,-5.6210093,LUNG,NCIH1048,train or val,154
ACH-000481,-3.9547596,11.995978,LUNG,NCIH2170,train or val,152
ACH-000917,-6.500025,5.254258,OESOPHAGUS,TE4,train or val,154
ACH-000717,-12.269747,7.6439805,OESOPHAGUS,COLO680N,train or val,156
ACH-000617,-7.2529793,7.609428,OVARY,OVCAR4,train or val,154
ACH-000303,-8.639997,5.3982716,STOMACH,SNU5,train or val,154
ACH-000351,-8.242507,-2.6245687,STOMACH,MKN1,train or val,149
ACH-000853,-5.696439,-11.366206,LUNG,NCIH661,held out,154
ACH-000956,-0.7845603,5.3714566,PROSTATE,22RV1,train or val,156
ACH-000638,-9.714039,8.384867,LUNG,NCIH441,held out,156
ACH-000800,3.6628811,-13.877214,LUNG,NCIH446,train or val,153
ACH-000878,-6.265552,-1.9317641,LUNG,HCC15,train or val,153
ACH-000920,28.249872,-2.9855013,HAEMATOPOIETIC_AND_LYMPHOID_TISSUE,CMLT1,train or val,156
ACH-000521,-8.343425,-2.651508,LUNG,NCIH2030,train or val,160
ACH-000156,39.738144,-2.3013074,HAEMATOPOIETIC_AND_LYMPHOID_TISSUE,MHHCALL4,held out,160
ACH-000654,34.283245,3.543205,HAEMATOPOIETIC_AND_LYMPHOID_TISSUE,RAJI,train or val,154
ACH-000439,26.561848,5.1311054,HAEMATOPOIETIC_AND_LYMPHOID_TISSUE,ME1,train or val,155
ACH-000449,0.7455944,-5.3372855,SOFT_TISSUE,MESSA,train or val,154
ACH-000326,16.147533,-0.934178,HAEMATOPOIETIC_AND_LYMPHOID_TISSUE,JURLMK1,train or val,116
ACH-000181,-11.268319,4.920913,UPPER_AERODIGESTIVE_TRACT,SCC9,train or val,156
ACH-000619,-10.5535555,10.991284,UPPER_AERODIGESTIVE_TRACT,PECAPJ15,held out,160
ACH-000607,-1.8511497,-10.005596,SOFT_TISSUE,KYM1,train or val,156
ACH-000227,6.5058403,-13.041963,AUTONOMIC_GANGLIA,KPNYN,train or val,147
ACH-000991,-6.6647353,12.644101,LARGE_INTESTINE,SNU81,held out,162
ACH-000945,-5.051003,-7.828329,LUNG,NCIH650,train or val,154
ACH-000116,-8.117841,5.0890613,OVARY,OAW28,train or val,154
ACH-000271,36.179775,7.6027284,HAEMATOPOIETIC_AND_LYMPHOID_TISSUE,SUDHL10,train or val,154
ACH-000697,14.320801,3.046814,HAEMATOPOIETIC_AND_LYMPHOID_TISSUE,A3KAW,train or val,151
ACH-000105,31.095602,-2.826736,HAEMATOPOIETIC_AND_LYMPHOID_TISSUE,ALLSIL,train or val,154
ACH-000551,14.696047,1.5664295,HAEMATOPOIETIC_AND_LYMPHOID_TISSUE,K562,train or val,156
ACH-000633,-4.748167,3.5257528,STOMACH,FU97,train or val,123
ACH-000525,6.7180176,-3.8851705,LUNG,NCIH2171,train or val,159
ACH-000936,-8.748819,1.6953722,OVARY,EFO27,held out,161
ACH-000361,-6.672486,-5.8676143,LIVER,SKHEP1,train or val,155
ACH-000860,-7.2955422,4.5067253,LUNG,NCIH358,train or val,156
ACH-000609,-10.976037,-16.751722,CENTRAL_NERVOUS_SYSTEM,SF126,train or val,160
ACH-000151,38.641567,0.48928994,HAEMATOPOIETIC_AND_LYMPHOID_TISSUE,JM1,train or val,159
ACH-000443,-8.225647,7.32319,OVARY,OVKATE,train or val,123
ACH-000260,-3.4715052,-15.754501,AUTONOMIC_GANGLIA,SKNAS,train or val,156
ACH-000900,-4.898007,-2.71231,LUNG,NCIH23,held out,154
ACH-000929,-9.027489,11.777138,LUNG,NCIH2110,train or val,160
ACH-000869,-8.13236,4.2109423,LUNG,NCIH1568,train or val,154
ACH-000971,-6.888981,3.9800084,LARGE_INTESTINE,HCT116,train or val,157
ACH-000267,16.574627,-1.4779177,HAEMATOPOIETIC_AND_LYMPHOID_TISSUE,HDLM2,train or val,155
ACH-000149,-6.8684645,-19.690592,AUTONOMIC_GANGLIA,SKNSH,train or val,123
ACH-000554,-8.443071,13.133827,BREAST,UACC893,train or val,162
ACH-000822,-7.03841,-13.560912,SKIN,SKMEL24,held out,156
ACH-000965,-6.501044,6.1735806,ENDOMETRIUM,RL952,train or val,153
ACH-000786,37.244328,4.7750597,HAEMATOPOIETIC_AND_LYMPHOID_TISSUE,DAUDI,train or val,154
ACH-000148,-12.196519,-17.849848,BREAST,HS578T,held out,159
ACH-000852,-9.389258,10.913122,LUNG,NCIH1435,train or val,155
ACH-000378,-6.938458,-0.0194151,LUNG,NCIH647,train or val,160
ACH-000738,-5.284047,-14.966697,CENTRAL_NERVOUS_SYSTEM,GB1,held out,154
ACH-000200,-9.480474,-14.568956,CENTRAL_NERVOUS_SYSTEM,NMCG1,train or val,160
ACH-000780,7.9171095,-5.66513,LUNG,NCIH1105,train or val,160
ACH-000718,-10.900341,5.9841766,LUNG,NCIH2291,train or val,160
ACH-000273,-9.171455,-14.982077,CENTRAL_NERVOUS_SYSTEM,SF539,train or val,155
ACH-000826,-8.2003565,7.227089,LUNG,CAL12T,train or val,160
ACH-000124,35.2241,-1.2263923,HAEMATOPOIETIC_AND_LYMPHOID_TISSUE,OCILY19,train or val,159
ACH-000078,4.678394,-9.307452,AUTONOMIC_GANGLIA,MHHNB11,train or val,160
ACH-000815,16.709476,-3.1837206,HAEMATOPOIETIC_AND_LYMPHOID_TISSUE,KMH2,train or val,168
ACH-000986,-7.422896,19.10142,LARGE_INTESTINE,HT115,train or val,162
ACH-000410,-7.513454,-18.178484,BONE,SAOS2,train or val,156
ACH-000918,30.8064,-0.7348578,HAEMATOPOIETIC_AND_LYMPHOID_TISSUE,MOLT16,held out,153
ACH-000219,-4.057335,-11.083955,SKIN,A375,held out,168
ACH-000394,5.9764423,-1.8298362,LUNG,NCIH2081,train or val,160
ACH-000081,28.60767,-0.23075418,HAEMATOPOIETIC_AND_LYMPHOID_TISSUE,GDM1,held out,154
ACH-000995,24.780031,-2.363467,HAEMATOPOIETIC_AND_LYMPHOID_TISSUE,JURKAT,train or val,152
ACH-000147,-2.6003723,11.227761,BREAST,T47D,train or val,158
ACH-000437,-8.47019,-17.86587,CENTRAL_NERVOUS_SYSTEM,SW1088,train or val,156
ACH-000046,-10.362096,-2.347152,KIDNEY,ACHN,train or val,156
ACH-000849,-7.4559894,6.335375,BREAST,MDAMB468,train or val,159
ACH-000694,-10.461196,9.359238,OESOPHAGUS,TE9,train or val,156
ACH-000434,-3.974406,-1.8752517,LUNG,NCIH1915,train or val,154
ACH-000754,19.153315,1.7910596,HAEMATOPOIETIC_AND_LYMPHOID_TISSUE,L428,train or val,154
ACH-000740,-11.287374,3.3370333,SALIVARY_GLAND,A253,train or val,154
ACH-000935,-7.1046257,-12.560987,LARGE_INTESTINE,MDST8,train or val,149
ACH-000336,19.356108,5.8605723,HAEMATOPOIETIC_AND_LYMPHOID_TISSUE,OCIAML3,train or val,149
ACH-000155,-5.9697814,1.3504055,PANCREAS,SW1990,train or val,124
ACH-000120,-7.197473,-16.914682,AUTONOMIC_GANGLIA,CHP212,train or val,153
ACH-000204,17.976196,-0.49089056,HAEMATOPOIETIC_AND_LYMPHOID_TISSUE,LP1,train or val,161
ACH-000103,-6.506614,8.737323,OVARY,CAOV4,train or val,122
ACH-000841,-8.998355,7.9205666,LUNG,NCIH2087,held out,156
ACH-001106,36.824596,0.15462877,HAEMATOPOIETIC_AND_LYMPHOID_TISSUE,KOPN8,held out,152
ACH-000781,-9.589046,2.2586234,LUNG,NCIH2023,train or val,156
ACH-000999,-6.495934,10.1726055,LARGE_INTESTINE,SNU1040,train or val,67
ACH-000763,22.778772,2.9685757,HAEMATOPOIETIC_AND_LYMPHOID_TISSUE,MM1S,train or val,153
ACH-000985,-3.319668,15.687787,LARGE_INTESTINE,LS411N,train or val,155
ACH-000059,35.40185,-3.725474,HAEMATOPOIETIC_AND_LYMPHOID_TISSUE,SUPB15,train or val,152
ACH-000456,-7.15239,-7.7975674,THYROID,BCPAP,train or val,154
ACH-000922,30.481615,-2.1116838,HAEMATOPOIETIC_AND_LYMPHOID_TISSUE,RCHACV,held out,160
ACH-000061,21.621464,1.0585384,HAEMATOPOIETIC_AND_LYMPHOID_TISSUE,HH,train or val,156
ACH-000118,-8.148603,7.481736,PANCREAS,HUPT3,held out,154
ACH-000113,26.312788,3.3804212,HAEMATOPOIETIC_AND_LYMPHOID_TISSUE,OCIAML2,train or val,154
ACH-000566,-7.8534474,-5.476877,URINARY_TRACT,SW1710,held out,156
ACH-000704,-9.881389,4.195794,OVARY,OAW42,train or val,133
ACH-000294,22.785831,1.3298355,HAEMATOPOIETIC_AND_LYMPHOID_TISSUE,NB4,held out,160
ACH-000322,-6.4181185,-12.723506,SKIN,HT144,train or val,154
ACH-000628,-12.079895,0.97737026,LUNG,NCIH596,train or val,154
ACH-000304,-5.4028206,-17.586401,SKIN,WM115,train or val,156
ACH-000699,-6.7295465,-9.113589,BREAST,HCC1395,train or val,129
ACH-000938,34.23792,-1.2479051,HAEMATOPOIETIC_AND_LYMPHOID_TISSUE,NALM6,train or val,156
ACH-000371,35.782032,6.300843,HAEMATOPOIETIC_AND_LYMPHOID_TISSUE,RL,train or val,158
ACH-000091,-8.180933,-2.446954,OVARY,OV56,train or val,154
ACH-000729,7.199416,-8.100733,LUNG,NCIH1963,train or val,143
ACH-000647,-10.597309,1.6849906,OESOPHAGUS,TE1,train or val,154
ACH-000752,-7.558828,-21.394403,LUNG,NCIH196,held out,154
ACH-000488,-10.145362,8.628045,OESOPHAGUS,TE11,train or val,160
ACH-000751,20.008284,2.0836287,HAEMATOPOIETIC_AND_LYMPHOID_TISSUE,OCIM1,train or val,153
ACH-000789,1.2432426,5.2130113,LUNG,NCIH810,train or val,156
ACH-000963,-2.873511,16.798855,LARGE_INTESTINE,CCK81,train or val,157
ACH-000650,0.14344794,-11.139208,SKIN,IGR37,train or val,155
ACH-000363,20.248075,2.7139778,HAEMATOPOIETIC_AND_LYMPHOID_TISSUE,SKMM2,train or val,156
ACH-000960,34.208904,-2.9671443,HAEMATOPOIETIC_AND_LYMPHOID_TISSUE,REH,train or val,155
ACH-000674,-8.471479,16.044632,STOMACH,NUGC4,train or val,154
ACH-000932,0.9535908,-2.750731,STOMACH,SNU1,train or val,153
ACH-000469,-9.871005,-21.288746,CENTRAL_NERVOUS_SYSTEM,YH13,train or val,156
ACH-000603,-3.198214,9.245866,LUNG,BEN,train or val,160
ACH-000580,-4.9230137,-13.422408,SKIN,C32,train or val,169
ACH-000074,21.11826,3.4909909,HAEMATOPOIETIC_AND_LYMPHOID_TISSUE,KU812,held out,156
ACH-000062,-10.150254,-6.6081862,LUNG,RERFLCMS,train or val,160
ACH-000056,36.505272,5.120922,HAEMATOPOIETIC_AND_LYMPHOID_TISSUE,DOHH2,train or val,160
ACH-000168,22.430216,4.6853356,HAEMATOPOIETIC_AND_LYMPHOID_TISSUE,NOMO1,train or val,155
ACH-000968,-3.8851776,-5.423039,SKIN,COLO792,train or val,154
ACH-000107,-9.648259,11.018147,PANCREAS,CAPAN2,train or val,139
ACH-000411,-9.509047,-2.2014875,KIDNEY,769P,train or val,156
ACH-000804,3.0481877,-10.905584,AUTONOMIC_GANGLIA,NB1,train or val,117
ACH-000386,30.123793,-1.1059752,HAEMATOPOIETIC_AND_LYMPHOID_TISSUE,KG1,train or val,154
ACH-000636,25.988064,-2.8020384,HAEMATOPOIETIC_AND_LYMPHOID_TISSUE,RPMI8402,train or val,122
ACH-000277,-6.9175544,11.383472,BREAST,HCC1419,train or val,153
ACH-000790,4.2997756,-4.9737515,LUNG,SHP77,train or val,155
ACH-000930,-6.66338,-0.06836345,BREAST,HCC1569,train or val,163
ACH-000178,-7.4923544,-1.2091367,PANCREAS,HS766T,train or val,124
ACH-000106,26.175388,3.708571,HAEMATOPOIETIC_AND_LYMPHOID_TISSUE,JVM2,held out,153
ACH-000104,32.13079,-4.066961,HAEMATOPOIETIC_AND_LYMPHOID_TISSUE,LOUCY,train or val,156
ACH-000087,5.5096765,-13.651871,BONE,SKES1,train or val,154
ACH-000176,-10.21434,-9.321852,LUNG,LOUNH91,held out,154
ACH-000879,-2.3572633,-8.036686,ENDOMETRIUM,MFE296,train or val,154
ACH-000142,-13.483495,7.7858987,URINARY_TRACT,CAL29,train or val,154
ACH-000210,3.2415628,-9.726358,BONE,CADOES1,train or val,154
ACH-000914,33.61995,3.2124374,HAEMATOPOIETIC_AND_LYMPHOID_TISSUE,HT,train or val,157
ACH-000414,-6.014424,7.914233,LUNG,NCIH1944,train or val,154
ACH-000534,34.674736,5.4816937,HAEMATOPOIETIC_AND_LYMPHOID_TISSUE,WSUDLCL2,train or val,121
ACH-000115,-0.3444271,7.7961574,PROSTATE,VCAP,train or val,156
ACH-000423,-2.24179,-9.660984,SKIN,SKMEL3,train or val,159
ACH-000989,-3.7596693,13.931763,LARGE_INTESTINE,SNU175,train or val,155
ACH-000943,2.6158755,4.708401,LARGE_INTESTINE,RKO,train or val,156
ACH-000420,-9.30923,-5.3120174,LIVER,SNU449,held out,155
ACH-000090,-9.007853,4.674283,PROSTATE,PC3,train or val,154
ACH-000153,-8.248239,-12.224425,PLEURA,NCIH2052,train or val,154
ACH-000625,-6.8144946,4.5469313,LIVER,HEP3B217,train or val,161
ACH-000515,8.636901,-5.308584,LUNG,HCC33,train or val,160
ACH-000235,-8.927418,11.812832,PANCREAS,PANC0403,train or val,124
ACH-000381,-8.809423,17.339142,LARGE_INTESTINE,T84,train or val,157
ACH-000138,-10.480394,11.048835,PANCREAS,CFPAC1,train or val,154
ACH-000400,-8.170899,18.551579,LARGE_INTESTINE,SKCO1,train or val,157
ACH-000662,-5.990221,7.4664063,LUNG,CORL23,train or val,154
ACH-000589,-6.1039486,11.2933035,LUNG,NCIH1437,train or val,160
ACH-000688,-11.138067,-7.9666533,OVARY,OV7,train or val,160
ACH-000264,-6.136257,-3.8357382,LUNG,CALU6,train or val,154
ACH-000346,26.458866,3.9545646,HAEMATOPOIETIC_AND_LYMPHOID_TISSUE,JVM3,train or val,149
ACH-000953,25.7724,-3.8119183,HAEMATOPOIETIC_AND_LYMPHOID_TISSUE,SUPT1,train or val,156
ACH-000169,-6.891469,-19.463055,SOFT_TISSUE,RD,train or val,154
ACH-000624,-7.284154,12.325219,BREAST,HCC1806,train or val,157
ACH-000019,-1.3939453,10.498185,BREAST,MCF7,train or val,158
