depmap_id,modality,nn_distance,mean_distance
ACH-000619,expression,18.932651144960555,33.908688801730605
ACH-000219,expression,18.133066842723967,32.99391712457255
ACH-000176,expression,19.851586310275856,33.24835746569671
ACH-000035,expression,23.02129400478729,33.0691335046981
ACH-000211,expression,22.697147153507448,34.966127980571336
ACH-000463,expression,24.628002876306414,35.05176080379665
ACH-000976,expression,28.468039646515376,46.320583627979055
ACH-000670,expression,25.05356696906485,35.46212590778389
ACH-000048,expression,25.125414519396443,37.76030947658561
ACH-001106,expression,25.280335880959313,43.26786178091084
ACH-000922,expression,17.815654913375283,39.764910633740506
ACH-000081,expression,28.38733694056542,45.07240985805204
ACH-000243,expression,22.539476921501457,34.09737953341485
ACH-000171,expression,20.996263866399953,34.78444389354848
ACH-000420,expression,26.736335066654263,35.4112559451653
ACH-000823,expression,22.579343060226826,34.250400673512544
ACH-000403,expression,22.040727667979542,34.36227732038223
ACH-000900,expression,25.30309704755923,34.60347712069433
ACH-000752,expression,30.771362302536012,43.76048892070333
ACH-000074,expression,22.630392001868533,40.457867923395746
ACH-000638,expression,22.326007140957522,35.3630551980305
ACH-000822,expression,20.60173453046321,36.380382013403874
ACH-000974,expression,23.115637068256877,36.114536228959366
ACH-000958,expression,22.589371076214928,35.77127034923693
ACH-000311,expression,23.389034764928034,36.5651249266047
ACH-000936,expression,22.635063101132964,31.880672656848986
ACH-000772,expression,32.80584830512571,41.17818185450943
ACH-000106,expression,19.594164386926014,42.727945519321246
ACH-000903,expression,23.32528572396893,36.48522393144457
ACH-000156,expression,19.290384854908574,45.23789296110101
ACH-000360,expression,20.87447575252752,39.11468080021002
ACH-000357,expression,29.9652752956341,43.93325109479801
ACH-000118,expression,21.84476756769229,34.001884186728134
ACH-000691,expression,28.543390250290404,36.37876262569973
ACH-000148,expression,23.70925017133376,37.725849981998316
ACH-000738,expression,26.159495988855546,37.53547051197921
ACH-000803,expression,27.926115912486043,39.68236551803972
ACH-000186,expression,21.909786266477084,36.03062018200942
ACH-000679,expression,24.140642669437884,36.957294649759675
ACH-000841,expression,21.73225641690297,34.412053132815956
ACH-000566,expression,22.384877979767857,33.05814857366863
ACH-000270,expression,23.298542426195358,37.31362439037756
ACH-000450,expression,19.522683829586402,35.51579103731172
ACH-000991,expression,23.48365654990019,36.98872238932254
ACH-000853,expression,26.82530763969045,38.12917683281878
ACH-000335,expression,21.614669578661896,32.879493570848375
ACH-000294,expression,22.6590058997174,38.0362421094148
ACH-000918,expression,46.379894434816926,56.900347820180635
ACH-000162,expression,14.637758406522789,41.5865479418618
ACH-000944,expression,21.22689890618223,38.64902324730481
ACH-000146,expression,25.20026951235323,39.57811559270371
ACH-000372,expression,21.414643309446564,42.60557165844693
ACH-000858,expression,19.42782118556265,41.84048862124897
ACH-000927,expression,23.578506412510876,36.415167765855514
ACH-000619,methylation,15.707418855462558,28.490208546319117
ACH-000219,methylation,39.919003244224356,48.21057578843916
ACH-000176,methylation,15.32016890944294,29.499467155702543
ACH-000035,methylation,17.49631227878118,30.073510053977053
ACH-000211,methylation,62.12291046784902,67.98121148091879
ACH-000463,methylation,14.82528017500071,28.226431531999573
ACH-000976,methylation,23.774364947033202,33.334456545995764
ACH-000670,methylation,20.734405974126176,31.465293493339665
ACH-000048,methylation,18.197035271541186,30.48252955270945
ACH-001106,methylation,74.42213563079181,82.70120041481175
ACH-000922,methylation,25.049654973553995,33.65006726792076
ACH-000081,methylation,24.484467313752944,34.00392854679378
ACH-000243,methylation,15.293843864131652,28.630027354078038
ACH-000171,methylation,20.484857792245773,31.220729840520658
ACH-000420,methylation,17.362325359050107,28.983358925364367
ACH-000823,methylation,26.90835268312855,36.5684643008041
ACH-000403,methylation,15.002627572467501,29.582432270949415
ACH-000900,methylation,15.16227587378081,28.2022755122982
ACH-000752,methylation,25.216149202987527,34.78163622405979
ACH-000074,methylation,13.737626606513128,27.79242215086211
ACH-000638,methylation,21.21242555484294,34.31398065667154
ACH-000822,methylation,13.656705592994035,28.067934106690753
ACH-000974,methylation,50.08934895838991,57.175324143581186
ACH-000958,methylation,23.251902661341838,39.020908229906595
ACH-000311,methylation,18.989926714545252,30.214030948020138
ACH-000936,methylation,15.626886051598719,27.91161504129587
ACH-000772,methylation,25.332219849542277,34.71985120274027
ACH-000106,methylation,18.14073502888269,30.712787312581494
ACH-000903,methylation,20.59084464642786,32.61211931323369
ACH-000156,methylation,37.05571969917874,48.38361507193456
ACH-000360,methylation,27.39520387391583,38.047057525194624
ACH-000357,methylation,26.827302381680212,35.89814280436868
ACH-000118,methylation,35.25084183290842,45.20216433232982
ACH-000691,methylation,24.4148634374589,33.85188305958701
ACH-000148,methylation,24.52960474702174,33.13914914963434
ACH-000738,methylation,21.10768925324736,32.41071363604213
ACH-000803,methylation,15.33817673159707,29.077538983345125
ACH-000186,methylation,18.7370541236086,30.249850693000013
ACH-000679,methylation,25.14474889023189,33.25676076242731
ACH-000841,methylation,50.71899093953206,60.152067102288854
ACH-000566,methylation,15.464797420370333,28.687016122234162
ACH-000270,methylation,18.056467463206545,30.27048001944023
ACH-000450,methylation,25.028397361397335,34.21936423087288
ACH-000991,methylation,18.087781757706402,29.9346787712804
ACH-000853,methylation,15.900993129492896,29.979470504479675
ACH-000335,methylation,17.154226760892026,28.395130485066584
ACH-000294,methylation,40.59244516164533,46.40429790761291
ACH-000918,methylation,29.249046431825356,35.71653771160668
ACH-000162,methylation,20.848329842034648,33.05093933646117
ACH-000944,methylation,27.339606174472195,39.10028704371254
ACH-000146,methylation,16.672908056401294,28.743205492381716
ACH-000372,methylation,33.38364585194825,48.48111112756001
ACH-000858,methylation,24.34241907812631,34.55681873979649
ACH-000927,methylation,17.495234903843052,30.269694586405357
ACH-000619,mutation,22.97472803627084,34.35911626466959
ACH-000219,mutation,27.05608308242606,36.800680901189125
ACH-000176,mutation,17.596818756804286,31.221219761476675
ACH-000035,mutation,19.668115765303924,32.933450392522715
ACH-000211,mutation,18.157161101289876,31.6499111913751
ACH-000463,mutation,22.810356459576187,34.44298285682477
ACH-000976,mutation,25.6276881061798,36.19841724112537
ACH-000670,mutation,23.977036030490332,34.80711034946695
ACH-000048,mutation,13.412564446327947,29.6534063775564
ACH-001106,mutation,19.072142109904355,32.07192905107383
ACH-000922,mutation,41.50255015606941,47.78680331374909
ACH-000081,mutation,20.82375957443549,33.133095069119435
ACH-000243,mutation,19.432641520347183,32.44435282909023
ACH-000171,mutation,17.7829507596987,31.43692933173189
ACH-000420,mutation,19.02846889637411,33.128216279998036
ACH-000823,mutation,28.08521767782554,37.575130782300455
ACH-000403,mutation,16.54768110249024,30.82849194380154
ACH-000900,mutation,35.429378110174575,42.71132800276637
ACH-000752,mutation,29.042442457881556,38.28165745354037
ACH-000074,mutation,17.80244923996127,31.553095334418654
ACH-000638,mutation,28.690648129207382,37.97638965983404
ACH-000822,mutation,22.3745264081058,33.636718605753444
ACH-000974,mutation,60.392368712257706,63.8171913903152
ACH-000958,mutation,56.97191266342186,60.70075917294303
ACH-000311,mutation,18.375431807986526,31.69868005968409
ACH-000936,mutation,42.7428978280018,48.73265145864914
ACH-000772,mutation,14.346014483911596,29.8041388093862
ACH-000106,mutation,10.463856440213226,28.587371309009747
ACH-000903,mutation,37.49484994938294,44.83635596448486
ACH-000156,mutation,18.095548163854563,31.76032565389379
ACH-000360,mutation,21.13698711757101,33.10018121797593
ACH-000357,mutation,18.703060750083736,31.867341022167476
ACH-000118,mutation,17.7964971465593,31.556731028245693
ACH-000691,mutation,21.78882555251734,33.94146455031291
ACH-000148,mutation,19.62120601882304,32.568711082841716
ACH-000738,mutation,24.10286399328543,35.351946456255554
ACH-000803,mutation,26.62809873148413,36.29105745881322
ACH-000186,mutation,21.27024751354374,33.31590991477483
ACH-000679,mutation,29.0894442237358,39.067052877517874
ACH-000841,mutation,28.48274169012932,38.07824846820887
ACH-000566,mutation,18.565254665141588,31.796135847430687
ACH-000270,mutation,25.04721523148081,35.543393856816735
ACH-000450,mutation,25.365009659163164,36.035556283261705
ACH-000991,mutation,75.14515031842176,77.52801535043046
ACH-000853,mutation,33.64735243765829,41.58850124131856
ACH-000335,mutation,19.44874616742564,32.2869814049691
ACH-000294,mutation,15.016256378416807,30.1680520730084
ACH-000918,mutation,44.57401374442305,50.10963651357197
ACH-000162,mutation,21.80218401370481,33.655657655451186
ACH-000944,mutation,33.03310923961386,41.044019620669324
ACH-000146,mutation,23.06028036757735,34.59978603300304
ACH-000372,mutation,19.0839001382637,32.320679498190955
ACH-000858,mutation,23.073335719640003,34.256087443430786
ACH-000927,mutation,42.5255838376216,48.57641284241925
ACH-000619,pathway,30.80267144670153,49.19572694838893
ACH-000219,pathway,35.032765604304096,49.99966097574536
ACH-000176,pathway,33.998403701573366,49.71735260920978
ACH-000035,pathway,37.14014318757288,48.98733320206402
ACH-000211,pathway,37.78441981253459,49.893549501592645
ACH-000463,pathway,38.06750599811527,50.15196308795125
ACH-000976,pathway,30.879517566887902,49.38325847634347
ACH-000670,pathway,32.84981974678625,50.97943415707827
ACH-000048,pathway,29.0306728601596,52.04583272325857
ACH-001106,pathway,30.6305830584085,51.85015295244026
ACH-000922,pathway,24.911218793007528,50.468791275804385
ACH-000081,pathway,28.757479673220992,52.69976035293201
ACH-000243,pathway,38.59453638912274,49.06471660541598
ACH-000171,pathway,33.84961746248354,50.201762242779054
ACH-000420,pathway,35.20683656437965,48.3209711315073
ACH-000823,pathway,33.38235130888408,49.080183594542056
ACH-000403,pathway,36.79706571610302,49.05216621512782
ACH-000900,pathway,37.740981209000495,51.197222219673115
ACH-000752,pathway,33.22839107689314,52.53007294331389
ACH-000074,pathway,28.894474463333008,51.42785317323756
ACH-000638,pathway,38.24218362685059,50.941380928193354
ACH-000822,pathway,30.62704554991353,49.001708622299105
ACH-000974,pathway,34.50379603074728,51.59364803043509
ACH-000958,pathway,35.93368853492939,48.80931381980836
ACH-000311,pathway,34.85008112620676,50.994952157258055
ACH-000936,pathway,35.388979960980684,49.377013978356764
ACH-000772,pathway,36.956505371752364,51.56854695202758
ACH-000106,pathway,25.245251295385547,51.33826596774574
ACH-000903,pathway,31.971584322824373,50.97129629624892
ACH-000156,pathway,24.84108531994815,53.02804469630231
ACH-000360,pathway,25.178456429369774,50.82364072475924
ACH-000357,pathway,32.767322074243104,50.910304777953186
ACH-000118,pathway,36.636483994714666,50.06892019762851
ACH-000691,pathway,35.759464624196326,48.33045977527745
ACH-000148,pathway,26.211266141917225,52.07154008117716
ACH-000738,pathway,35.209661586770544,49.67393733960412
ACH-000803,pathway,35.829602162239055,48.21658502368413
ACH-000186,pathway,30.06585712282854,51.000967923199205
ACH-000679,pathway,30.684226435602643,48.165908649534074
ACH-000841,pathway,35.72849234859404,50.329465024756175
ACH-000566,pathway,37.15490871481466,50.18622324424158
ACH-000270,pathway,31.909200533336744,49.01036453039661
ACH-000450,pathway,34.61461793182439,49.446058942037496
ACH-000991,pathway,35.260177264313654,50.46826310422916
ACH-000853,pathway,37.149626713581405,49.81622788176194
ACH-000335,pathway,35.9508498529773,51.146461652412256
ACH-000294,pathway,30.517884358861508,51.09403735791894
ACH-000918,pathway,30.683405536621244,54.64107584776763
ACH-000162,pathway,23.645547688951268,53.34768448111594
ACH-000944,pathway,27.927507300811595,52.600589500696174
ACH-000146,pathway,32.42363096356544,50.28535915537923
ACH-000372,pathway,27.799524131867095,52.13760814978988
ACH-000858,pathway,26.72379031755264,50.646522207340745
ACH-000927,pathway,32.27906097173014,48.41367784654619
