drug_name,n_cells_ceiling,ceiling_rho,bcgdrp,bandrp_gate,n_cells_model,frac_of_ceiling
Trametinib,202,0.7909911949512081,0.5943199966877188,-0.1263142459130987,97,0.7513610776974315
Dasatinib,452,0.7301876042971188,0.3979522677408892,-0.010236199301122,207,0.5450000320451338
Sepantronium bromide,409,0.6901288441907862,0.1981379192178096,0.1672351859101041,193,0.2871027937546026
BI-2536,434,0.6735809317805735,0.5297457744060713,0.4805822433526304,215,0.7864619519524074
Vorinostat,441,0.6628406607398204,0.4605709942384992,0.4548553213210343,209,0.6948442084473805
Dinaciclib,183,0.6617099934990172,0.4994598776407174,0.4406756954419304,85,0.7548017750187708
Axitinib,441,0.635655183631248,0.3903640755511759,0.4328030809393694,214,0.6141129429971444
Selumetinib,429,0.6224742439160668,0.3736587626268391,-0.0861714761179211,204,0.6002798770855209
SN-38,373,0.6171260580513056,0.3662210943399089,0.4394222343628346,181,0.5934299638818081
Entinostat,363,0.617049449796813,0.5067428100293523,0.4916003109178878,182,0.8212353324295429
AZD7762,461,0.6121219061990543,0.4505447750664959,0.4390351771655046,217,0.7360376593351071
Tanespimycin,416,0.6014599787270808,0.2100201879081496,0.0519736198952859,186,0.3491839778810098
MG-132,180,0.5914338919925511,0.150238802216649,0.2548171404523056,73,0.2540246750325583
MK-1775,415,0.5877510533564906,0.4016136560866005,0.3782766192443489,192,0.6833057189656935
Alisertib,413,0.5788768248683333,0.3954516637930236,0.3873944770534161,201,0.6831361125624089
Paclitaxel,314,0.5740914914775278,0.5529317158734335,0.5053216351735543,152,0.9631421543112653
Docetaxel,207,0.5737179487179487,0.5392426449754366,0.4913416449656297,97,0.9399089677784147
Daporinad,204,0.5684350996785511,0.3485626410531381,0.3196134738781837,178,0.6131969001390829
Dabrafenib,199,0.561091918536268,0.2766811982893137,0.1831830124501574,99,0.49311207156769893
Navitoclax,423,0.5565489165710182,0.3785519360068692,0.3166756264513875,199,0.6801772939190768
5-Fluorouracil,444,0.5521660749081346,0.3401301364730055,0.3087729324295964,201,0.6159924557654033
Piperlongumine,82,0.5520848073228665,0.4179978653811262,0.4593146558893972,209,0.7571261875653744
CHIR-99021,80,0.5500970551878812,0.3573967673847954,0.3227364825154438,203,0.6496976561031207
Foretinib,441,0.538933335571991,0.2125029272598652,0.2983432551497305,211,0.39430280747864216
ABT737,391,0.5350176426744352,0.3657952658650349,0.3358159893068636,175,0.6837069223297106
I-BET-762,422,0.5349329922269916,0.3257261339375005,0.3868840407294645,210,0.6089101600958704
Olaparib,455,0.5268793780198522,0.3178034818940852,0.3634139443046179,212,0.6031807186845539
Linsitinib,426,0.5154723003146372,0.2286238328068202,0.193573637926101,195,0.4435230228031096
Afatinib,389,0.5006949640082442,0.3543366002998127,-0.0135484934048337,190,0.7076895630489671
Pictilisib,452,0.4979796567766949,0.2113809639260235,0.1458161128726315,210,0.42447710674416445
Bortezomib,396,0.4932741630506513,0.3325787044401124,0.3629923429396552,200,0.6742268891264875
MK-2206,400,0.48518487337763083,0.3250950991697851,0.2981497616563046,200,0.6700437647749086
Telomerase Inhibitor IX,433,0.4807975885976332,0.4141403968675106,0.3508956805788465,211,0.861361218710466
Alpelisib,279,0.4767979444976824,0.2898002047607718,-0.0374034967462821,125,0.607805063140704
Ibrutinib,286,0.4759856195079588,0.4150216512309931,0.0821740641399132,139,0.8719205669700987
AZD6482,111,0.4635135135135135,0.06546852087374,0.0655653547757987,216,0.141244039202821
PLX-4720,433,0.4630049928815676,0.2625545735565482,0.0994735857456408,214,0.5670663979723157
Lapatinib,425,0.4418507040660446,0.3408023214110051,0.101625115556747,196,0.7713065030220354
Ruxolitinib,427,0.4314385021253707,0.3718809840982946,0.3663361047353203,214,0.8619559503065181
Bosutinib,381,0.43049711098044396,0.3045239127489774,0.216388840432152,175,0.7073773667271158
AZD8055,376,0.416331169930583,0.2959833893286848,0.2972130239599286,223,0.7109325717265791
Serdemetan,410,0.4050816821737746,0.3971750542246717,0.4299646415044219,206,0.9804813984511127
AZD4547,377,0.4028137225129154,0.2257047680254385,0.3086635732775761,170,0.5603204543713174
Tretinoin,79,0.3997179823251199,0.3173750739857668,0.3747993365966839,211,0.7939974882781792
Dactolisib,330,0.399116612641071,0.1739353780800576,0.1969196388895654,147,0.43580089771026187
Cediranib,201,0.3880094576621841,-0.1175696275692662,-0.0409941119098363,94,-0.30300711811933934
Methotrexate,314,0.3780237823534965,0.2232178870646055,0.1683870039581109,173,0.5904863595483276
Tozasertib,11,0.3727272727272728,0.5121774193548386,0.5729032258064516,31,1.3741345397324936
MIRA-1,296,0.35461224847725853,0.2808766941197632,0.3312480900580355,126,0.7920670967398239
Temsirolimus,235,0.3434367905343722,0.2149553584335744,0.2570408741909704,115,0.6258949662880134
NVP-ADW742,441,0.3277146716832092,0.1519720462983586,0.2213321685958219,200,0.4637328121984873
Gefitinib,437,0.3132220756208335,0.2382487853653205,0.0364291696985918,212,0.760638549799182
KU-55933,429,0.3043564200684854,0.2110515317595927,0.2560225920853801,207,0.6934354521324128
Venotoclax,241,0.29974155409611597,0.3758659915329904,0.3809478030566703,109,1.2539669138182428
TW 37,165,0.2880468357110918,0.3448218772919645,0.2976385215318941,209,1.1971035072845497
Sorafenib,448,0.2617276971659865,0.2266879228499068,0.2507981336246256,216,0.8661212600137707
PRIMA-1MET,201,0.2387817236585624,0.1897282823004243,0.2135349158273833,96,0.794567856339456
Temozolomide,424,0.2143766652615198,0.2556748861551464,0.1976775191791636,202,1.1926432657362525
Fulvestrant,76,0.15111954568678365,-0.48994921810527,-0.3568039410862538,44,-3.2421300360494607
Veliparib,448,0.1456037787539798,0.0409689905402497,0.0482630795708167,210,0.28137312706336537
BIBR-1532,435,0.1397944315771789,0.1571828958948222,0.1664703260590007,205,1.1243859581634574
Nilotinib,414,0.12169762423534586,0.1369998581553296,0.1449848346498242,195,1.1257397916855914
Cyclophosphamide,226,0.005943559010992257,0.0617681934125745,0.038304979222712,105,10.392459012914303
